first_name,last_name,password,date_of_birth,email,mobile,address,pan_number
Carina,Coltart,M2YAZ2Y,2009-08-01,ccoltart0@walmart.com,8794935817,3244 Melby Parkway,ZGKLA5287H
Ranique,Skrzynski,43a38i,2008-06-21,rskrzynski1@wunderground.com,5372834721,5797 Moland Terrace,DAJPC4150P
Elston,Bridgwater,MX4sVKOagd,1995-07-07,ebridgwater2@sciencedirect.com,3271423168,24 Twin Pines Road,XGZFE7225A
Inessa,Cunnell,bPMaki5nht2K,2003-12-17,icunnell3@psu.edu,800352128,2 Ruskin Park,CTUGE1616I
Caresa,Fearnyough,C65sfzg,1993-04-08,cfearnyough4@list-manage.com,3681598089,6999 Texas Pass,PEVFV4506Y
Giffie,Matantsev,XvME5SXC,2016-03-13,gmatantsev5@is.gd,7034206418,7607 Hoard Avenue,UWPCL6780T
Royall,Puvia,jPPGeMH,2017-12-05,rpuvia6@paypal.com,5777349365,446 Cody Drive,LQDTD5444T
Odilia,Camillo,0sDVzn,2014-10-17,ocamillo7@purevolume.com,8958470610,158 Golf View Plaza,YUGFJ2046V
Sula,Casoni,OgoqIiwEf4h,2020-08-26,scasoni8@gov.uk,5396325328,0 Graceland Park,DDWCH0856B
Lisetta,Symmers,z1qyS6,1995-04-04,lsymmers9@wp.com,4108977428,61 Dottie Court,NLXBC1905E
Alina,Espinay,D4BfpNE8,1995-12-22,aespinaya@bigcartel.com,7932871556,90 Colorado Drive,GFQJR7008X
Giusto,Gleasane,qQiXs3NUXKZ,2002-11-18,ggleasaneb@instagram.com,2136314713,6 Riverside Park,HAIBF2803J
Cari,Faustian,0sX1RtogzPN,2018-06-01,cfaustianc@csmonitor.com,7521711448,2 Brown Plaza,PAOTD0722J
Clarance,Giovanetti,fIwLEpI,1991-06-18,cgiovanettid@google.es,3013145060,7 Barby Street,YSNCH0058E
Melina,Hulson,xmfPhK,2021-02-23,mhulsone@amazon.com,6568950243,4015 Eastlawn Alley,KOAHM4127V
Vasili,Yedall,H086jVjZ,2016-11-13,vyedallf@bizjournals.com,9699084432,3 Kedzie Place,AALAE0983J
Janith,Castille,wdUDb1DB7z,1995-11-29,jcastilleg@altervista.org,9917433448,10090 International Parkway,IDKAU8404X
Lorne,Adamec,Szvbh0,1997-04-19,ladamech@mac.com,1207496937,59 Oak Valley Crossing,RCPLI5103X
Lazare,Ruecastle,HclFG5qnSTMg,1999-06-18,lruecastlei@nih.gov,9008253712,9837 Chinook Street,SJRGW6993R
Nicolette,Worcester,2THHwQLaQonf,2003-02-08,nworcesterj@businessweek.com,6138304891,37 Sunnyside Place,JBBLZ1931E
Janela,Blampied,PEm29mE,2006-06-17,jblampiedk@jugem.jp,3823088329,08312 Stoughton Terrace,FJECZ5248L
Sisile,Hacon,vFJsQEWk,2003-01-01,shaconl@homestead.com,2222229132,59 Stone Corner Avenue,AEZJI0104B
Aguie,Bagley,RjKtLdvfoN,2021-08-26,abagleym@seattletimes.com,5445972141,80903 Bultman Center,ROWTD0056J
Mindy,Raynes,LZgzAo2Z48N2,2015-02-23,mraynesn@dion.ne.jp,6982585451,9 Scott Street,YBVFO2576K
Livvie,Haddy,Fi5cGVd,2002-01-17,lhaddyo@wordpress.com,519033998,437 Lotheville Crossing,QUPFY1746K
Lizbeth,Fardell,rGCnmnchcS,2021-07-07,lfardellp@goo.ne.jp,6323104203,4 Sunfield Point,GTQFD6431B
Libby,Rhys,XJSjgdvQhDH,1995-10-07,lrhysq@cyberchimps.com,7930288194,89 Southridge Street,DRTFB7756K
Conni,McHale,Q5LFbe4BVQgH,2015-02-14,cmchaler@gmpg.org,7473064254,8282 Butterfield Parkway,XJELO0342F
Brian,Camp,70SQ4c3,2001-06-28,bcamps@soup.io,2700409419,72531 Saint Paul Street,UHAHZ2587S
Margalit,Petrillo,WdWF7f,2018-05-13,mpetrillot@npr.org,4156255404,117 Arrowood Place,GKUPF4474T
Kain,Boyack,T4gkdwRhwA,2022-01-10,kboyacku@webs.com,3159093901,93654 Redwing Court,WLQFI7038P
Obadias,Ricardou,zyYwWS,2021-01-23,oricardouv@goo.ne.jp,6605059619,40 Parkside Trail,YRUHY0179Q
Lenard,Spurnier,enQWz0o,2013-05-07,lspurnierw@blogtalkradio.com,8451911564,5 Browning Junction,GAGAH3245V
Gwenette,McGillivrie,4x4I6Uy,2018-12-21,gmcgillivriex@wiley.com,2102944459,625 Sloan Court,YKWJC5903I
Adan,Peddar,yI14HhQ,2004-01-24,apeddary@apache.org,7668660458,63754 Luster Avenue,DTMCS6680V
Viviyan,Yallop,ghpDY5Ac,2020-10-02,vyallopz@slashdot.org,345658867,8 Crownhardt Road,DPABK1472L
Ange,Benoist,OpZ0a4G0w,2017-08-12,abenoist10@privacy.gov.au,1845784730,4 Tennessee Trail,ANVGQ8532K
Johannes,Cuffley,JiMZCjGDdNh9,2013-07-18,jcuffley11@behance.net,679318712,719 Sutherland Junction,MXJTH3636M
Gordy,Howis,sjGJLReAa,2010-10-17,ghowis12@zimbio.com,1521569770,4 Shoshone Alley,CNGLA9287F
Trudey,Haslin,DGGfuO7,1991-11-24,thaslin13@icq.com,7545732527,5 Sundown Road,OKKJN0258I
Elane,Tivolier,5hNetAej,1995-10-18,etivolier14@biglobe.ne.jp,1858165706,741 Chive Park,QILTZ8532O
Rozele,McTague,ktMUh3y9wO,2009-06-19,rmctague15@cnet.com,1707209733,74 4th Trail,JDAFT2161A
Chaim,McCahey,NworGp8xNT5,1990-08-06,cmccahey16@icq.com,1803343023,28 Ludington Way,KHWLF7897I
Lissy,Jancik,jfqtUI,1990-08-18,ljancik17@google.nl,3795042349,4949 Mccormick Center,AYOFH0376H
Lilah,Beloe,bXpgpcJv,2010-07-21,lbeloe18@redcross.org,4333364503,2887 Kenwood Way,WMGAR7012T
Melvyn,Pailin,94ht2wu,2015-01-15,mpailin19@purevolume.com,4822754524,00 Redwing Crossing,QQFAX1977U
Adella,Metham,h3tPft0K,2015-01-02,ametham1a@mysql.com,5064091686,1 Warbler Way,UWLLT4061A
Inger,Wheldon,MVIEDhZ,2012-09-03,iwheldon1b@shutterfly.com,4235676936,785 Oneill Pass,FXBJN0247N
Corrie,Lyver,rl5q9zRIA2,2013-02-04,clyver1c@epa.gov,6178781627,870 Green Trail,SAMCR3642G
Steffie,Gallienne,OLnJl6zfzPK,2014-02-18,sgallienne1d@behance.net,4497429443,53455 Prairieview Park,MLOBK0731T
Aeriel,Ebrall,d703HEM7,1993-10-09,aebrall1e@hhs.gov,632496309,60 Sycamore Park,SSHFH7836L
Steve,Guarnier,3JIlrkQROZ,2010-06-29,sguarnier1f@ihg.com,6640187399,8 Cottonwood Pass,TGDGZ2038T
Talyah,Bruna,TEylAm,1997-03-14,tbruna1g@accuweather.com,6546377493,32 Mosinee Hill,PVDFE0951I
Una,Degli Abbati,AfePaC,2000-01-18,udegliabbati1h@geocities.jp,1116855071,13 Golden Leaf Lane,KQRFG1545K
Kylie,Strong,C7w5QEI,2001-12-19,kstrong1i@amazonaws.com,8884541780,47 Basil Place,YKZAB5013Z
Fritz,Jurzyk,Z1ddf8i2hf8,2000-10-24,fjurzyk1j@dell.com,7617910907,417 Main Street,UHZGS9242U
Deny,Elijah,33WkXxm,1991-01-22,delijah1k@sbwire.com,1906755678,1 Fair Oaks Hill,NVSTJ3272O
Kennedy,Gutherson,bVruWgAHtCi,2004-03-17,kgutherson1l@who.int,5483301641,255 Elgar Lane,DFFLO5270K
Laural,O'Hara,UrNBrVVelF,1996-12-31,lohara1m@nyu.edu,9856108399,49 Kinsman Crossing,OWOGB9261H
Onfre,McChesney,1JQjygfhi,2006-02-22,omcchesney1n@flavors.me,6643949615,60 Laurel Pass,FUAFH6837M
Shamus,Drance,qdh86t5AI,2004-07-31,sdrance1o@netscape.com,6533058187,720 Ilene Parkway,VISGD9140Y
Jared,Huzzey,ExnwAI4jGaq,2005-11-20,jhuzzey1p@jigsy.com,3880431060,2 Butterfield Crossing,OLACF7728R
Sterne,Ketteringham,Ro6g3b8iig,1992-02-12,sketteringham1q@deliciousdays.com,6199615581,8 Main Pass,NWIFJ1176T
Pablo,Bunclark,ziE7fxe8Mcm,2002-06-27,pbunclark1r@cdbaby.com,4487367127,173 Cody Trail,OKEFL1710D
Thurstan,Sarjant,aP5zq7H4Z,1999-11-10,tsarjant1s@newsvine.com,7071661427,681 Bay Circle,WQKAY1139O
Uriah,Lafflin,1wXCOMh5zO9,2002-08-22,ulafflin1t@linkedin.com,6113442702,25144 Clyde Gallagher Crossing,YRJFW2879O
Bethena,Blair,gY7ZdrBhNGPE,2005-01-21,bblair1u@sciencedaily.com,8600821582,678 Hayes Alley,JNAGH5698O
Kass,Ricco,S1k7WMeyRU,2007-04-29,kricco1v@state.tx.us,7912278486,260 Mallard Hill,DEIGD3182O
Nehemiah,Batty,UZBRWKYtO8,2016-03-29,nbatty1w@pbs.org,4813077106,12 Debs Hill,WGUCE0485T
Brendon,Pratten,r1EWhVqOf,1999-02-11,bpratten1x@japanpost.jp,4424372729,03 Upham Pass,TTALK7944X
Denny,Crystal,OkQa8IH,2017-12-21,dcrystal1y@disqus.com,1787256964,0998 Carioca Road,CQAHR7927I
Tate,Norcock,4r5isuDQYiE,2019-03-18,tnorcock1z@umn.edu,5518481039,9 Gerald Lane,HVDFY0514H
Lyndel,Theodoris,o7rErqaHj3dg,2021-05-03,ltheodoris20@psu.edu,7148766543,494 Forest Run Court,FBSGM0739Q
Dina,Hunnicutt,d0KdoelXPr,2019-08-19,dhunnicutt21@icio.us,2159930388,319 Ridgeview Circle,TQHPO8546V
Deny,Beards,te6giBF,2015-12-04,dbeards22@yellowbook.com,5002468835,6051 Schmedeman Terrace,KPLGX2291E
Magnum,Overnell,daLJGu,1999-10-21,movernell23@meetup.com,4204697090,7520 Blue Bill Park Avenue,GDIBP5279W
Jeanine,Bengall,kke8Uwl,1994-12-26,jbengall24@ning.com,9841255169,0 Aberg Lane,NRYCQ6432P
Dreddy,Di Francecshi,TwHGhBJ3,2010-12-03,ddifrancecshi25@redcross.org,1315098312,78 Dapin Hill,HTHCS4756W
Humfrid,Matchett,RncfXD,2008-10-27,hmatchett26@shutterfly.com,3590647950,2 Stang Avenue,QMCBE1005E
Goldy,Gallier,w2wLu27i,2000-08-01,ggallier27@harvard.edu,1252835621,062 Arizona Road,UNPFQ7079J
Anna-diane,Crisp,oYkkTLoW,2016-06-03,acrisp28@wunderground.com,9003284302,4 Carioca Park,ZCZCT0125P
Johnny,McKellen,pgn1sfVt0igs,1998-08-01,jmckellen29@redcross.org,7269574046,74 Ronald Regan Lane,HBHFR8679R
Kissie,Renforth,e4c7KA9gY,1990-06-19,krenforth2a@artisteer.com,4192619531,72692 Dryden Place,LFEPK0917Y
Caralie,Doding,XTnv0r1plJ,2008-11-04,cdoding2b@nps.gov,2020369351,7 Oak Valley Road,RSFJI1636U
Aimee,Fillingham,80PoiQ,2021-01-05,afillingham2c@youku.com,5804716367,9355 Thierer Lane,RCVBG4155T
Starla,Oleshunin,2eoARJrX8fRH,2003-03-22,soleshunin2d@smugmug.com,4750542314,8003 Eagan Point,EJUJE7871C
Ulrike,Light,vjZCehtuU3LV,2018-08-03,ulight2e@shinystat.com,4348215818,5 Dixon Avenue,EUSBZ5085S
Tull,Breeder,4KxEom,1991-09-26,tbreeder2f@pcworld.com,5094677287,0637 Johnson Lane,UGKPA0908W
Cathleen,Towsey,Q4GdvcMh,2016-06-01,ctowsey2g@slideshare.net,8595239376,459 Hermina Circle,KPNFS1126R
Clareta,Braksper,uisGyDqkY,2001-04-12,cbraksper2h@si.edu,1688451755,96 Service Alley,YHPGK3190Y
Elinor,Kevlin,6OY3Iz5zP,2000-01-04,ekevlin2i@icq.com,6968795450,84715 Evergreen Terrace,YLCLU2197M
Barton,Pethick,5MrUbUDbBH,2011-02-25,bpethick2j@examiner.com,3302984136,68958 Cardinal Pass,VLYBE4157N
Phedra,Ranahan,pSK5qKhPtth,2016-11-28,pranahan2k@google.it,9233611991,2826 Ohio Parkway,MRZFU0871K
Lionello,Zum Felde,y6Rqkpo,1993-07-20,lzumfelde2l@xinhuanet.com,3854422660,8 Hoffman Hill,OSHGB2787Y
Arnoldo,Walsham,9jt8PJs01a,2002-09-21,awalsham2m@google.com,4115166007,5 Hermina Circle,INCFO7502J
Datha,Fonquernie,8XM5kuP8B,1991-01-29,dfonquernie2n@posterous.com,1003273042,48 Northridge Place,IFXCY5212W
Cosetta,Weine,uD8QoCI,2011-05-05,cweine2o@noaa.gov,3861281010,33144 Gerald Road,DWOGF0901C
Florina,McLice,vLgBdESr,2005-03-02,fmclice2p@jigsy.com,5868094597,37463 Moland Point,VWSTG0688N
Dorry,Kinvig,hUCdya6,2010-10-02,dkinvig2q@mapy.cz,7704231591,4364 Harper Park,KUDBD2558W
Gradeigh,Dragon,pDheTizlyf0m,2008-10-25,gdragon2r@webmd.com,4302859126,743 Victoria Place,UJSLN8410E
Suzanna,Davidsen,oeH2BcwrBQg2,2020-01-16,sdavidsen2s@nasa.gov,1693069196,452 Sheridan Point,QSNFG5259Q
Libbey,Dongate,xZcKQuhUP,2021-11-18,ldongate2t@wikia.com,9234627996,5742 Fieldstone Crossing,OPEHH4192O
Osmond,Beardow,jM4a9k,1990-08-03,obeardow2u@goo.gl,4046073612,00 Troy Park,IJILL4462X
Ariella,Witty,73MmXuN7ZMf,1995-07-18,awitty2v@bloglines.com,6476580903,0 Russell Court,PMWJB5161H
Ogdan,Tamplin,CZg1f9KH,2018-06-27,otamplin2w@slate.com,721746844,67 Red Cloud Alley,STJBH6935V
Zolly,Dory,tv25wStWzslj,2020-05-09,zdory2x@dmoz.org,7244140935,37 Reindahl Circle,RQNCY6637U
Jilly,Bursnall,IAqT8o76qL,1999-05-20,jbursnall2y@prnewswire.com,8521965430,82 Merrick Parkway,SGJCL4010S
Sosanna,Brittain,bABKdEv,2004-11-16,sbrittain2z@foxnews.com,1150611989,9565 Lillian Avenue,QEQGE4833J
Sandor,Feeney,wI5uVZ3dgYp,1994-10-31,sfeeney30@narod.ru,7221584141,9 Florence Drive,KJQJV7685E
Rawley,Rodolf,PaI0ELTv,2016-01-18,rrodolf31@devhub.com,1656043909,61 Burrows Junction,KPJPQ6641R
Yvette,Elsmore,pn8Uwz,2001-08-09,yelsmore32@histats.com,4670737996,090 Vidon Park,GDABP9486I
Barnie,Elington,ygTkUcqiXuf,2007-09-18,belington33@bloglines.com,7329654231,414 Portage Alley,LFPCH2965C
Bennie,Bramah,pjBq94w,1996-01-01,bbramah34@squidoo.com,6013287312,47 Bobwhite Place,SATTK8335I
Kamillah,Edgecumbe,cMcmxMtG,2020-06-26,kedgecumbe35@dagondesign.com,5846453501,2 Butternut Avenue,NBKGE0582E
Wiley,Eglise,v9MAWsmF00HO,2006-01-19,weglise36@loc.gov,7826208071,3198 Vermont Plaza,WHDLJ5834E
Constantino,Drew-Clifton,nKSIeYChw,2000-04-16,cdrewclifton37@wufoo.com,3735787288,63371 Hansons Alley,ISRPX5052D
Herschel,Windebank,E1Wlyy2ZlZFQ,1990-07-20,hwindebank38@amazon.co.uk,8505288355,66016 Dixon Way,NOBCG7622V
Ernestine,Dunan,k0AwtaDCL,2018-12-23,edunan39@weebly.com,7791626352,1 Golden Leaf Parkway,IJTTX4808C
Vanna,Bodycomb,WgSbKScUyJwZ,2005-11-24,vbodycomb3a@cornell.edu,2711338873,0517 Victoria Place,HCCGZ0174P
Wyndham,Crinion,U0sQkLt,2021-02-15,wcrinion3b@gizmodo.com,6404556657,20 Bobwhite Plaza,AWBFH0855D
Nate,Jantzen,VkxRqrncBsNK,2016-10-02,njantzen3c@xinhuanet.com,5939981869,191 Eggendart Place,BADCM0193J
Marley,Adolf,XRLIANbPhtc,1994-10-07,madolf3d@stanford.edu,217975955,1258 Moose Avenue,KVBCX0303W
Alis,Carrabott,ZQdnLsj,1994-10-19,acarrabott3e@opera.com,2857764192,796 Merrick Junction,HNPFW2337S
Octavia,Donisi,xawr3E5v,2020-08-12,odonisi3f@cloudflare.com,7329731814,939 Stang Park,WBXTW7604H
Yorker,Keiling,X1zcZmbLOCkS,1996-07-28,ykeiling3g@1und1.de,9792518361,7805 Weeping Birch Circle,CQNBT9019R
Abagail,Sindle,sqRnYdhqzagf,2019-06-09,asindle3h@slashdot.org,1440677047,7266 Melrose Lane,DQNPA7873J
Brendan,Pardey,PGmcCowh7f,1999-02-17,bpardey3i@youku.com,3690151294,5050 Nova Terrace,LFCTN1446P
Tabina,Hierro,BxiVQm3U,2019-03-07,thierro3j@imageshack.us,5112511625,59 Kennedy Crossing,NQTBK7795K
Chlo,Teck,BKOiX8JYkDd,2016-08-17,cteck3k@un.org,1300261419,0075 Raven Plaza,HVKAM7161C
Anne-marie,Ryall,d6q0CugLy8,2002-08-04,aryall3l@etsy.com,4929433096,76 Northland Trail,PWZBS9387T
Nikolas,Egle of Germany,bS0UYiOXC,2014-11-26,negleofgermany3m@thetimes.co.uk,1974091884,263 Raven Junction,AGPCB3705U
Isidro,Montes,cZ1foFV3MEq,2015-06-15,imontes3n@qq.com,2082553301,68 Dorton Avenue,VANGI7545E
Yasmeen,Doale,okkQWFZXL0y,1999-09-20,ydoale3o@dot.gov,2235814695,75 Lake View Road,UTUHL1470G
Noreen,Feenan,1883bO0VUQis,2008-02-22,nfeenan3p@goodreads.com,6251418555,70 Logan Junction,LPRLY2520G
Stanly,Cotesford,GWHUbdXq91,1992-08-19,scotesford3q@columbia.edu,4471282486,824 Dayton Crossing,CFUTL2818U
Ringo,Rustman,h1nf0HRSw0,2010-04-07,rrustman3r@marketwatch.com,8703786466,614 Moland Street,YEJAG9353Q
Erasmus,Gregan,h9Xbdl,1996-05-23,egregan3s@chron.com,8692397920,618 Gina Point,SABJQ6895V
Antonio,Rustidge,tdGFJ6,2021-09-18,arustidge3t@bbb.org,5370067,9247 Grasskamp Center,QEHPG3612A
Zackariah,Gwyneth,ffLbf42d,2006-05-23,zgwyneth3u@thetimes.co.uk,2091725380,44 Center Center,LQQLI8065C
Cameron,Stutter,dMn0vrgD,2002-11-19,cstutter3v@github.io,3642202850,359 Evergreen Way,DKBFI9506L
Leshia,Pulham,Bh0BHQOZid,2010-08-15,lpulham3w@yellowbook.com,4318114849,37 Monterey Crossing,AFPLH2619Y
Tiertza,Rubin,UIr0Y3cnk,2019-03-14,trubin3x@gravatar.com,5536263813,92 Surrey Circle,RABBV9445R
Libbie,Harrald,dY8qRJclkn,2020-02-16,lharrald3y@go.com,2348286816,95 Nelson Alley,OQFLS1069B
Jasper,Haith,KFfHfjnN,2005-04-12,jhaith3z@google.co.jp,4675894297,81124 Melvin Parkway,ERIPC1171E
Julie,Bea,tzuu5LZA12,2004-11-02,jbea40@vistaprint.com,2157650133,83 Forest Run Avenue,WSZFC4585W
Sanders,Balston,oE0kMa8HEqDa,2011-03-30,sbalston41@irs.gov,5358065147,961 Ridge Oak Plaza,QJGCN8376S
Sada,Chinn,ZpHkEDx3KY,2006-12-02,schinn42@earthlink.net,5508568722,880 Manitowish Circle,JFYTV3906X
Betti,Ziemsen,2uqSgs,2018-11-25,bziemsen43@tmall.com,8480544482,7 John Wall Hill,EXCPB1503P
Miltie,Necolds,9IwBNDnW,2015-06-28,mnecolds44@weebly.com,64224595,764 Novick Parkway,RNMAZ4119E
Fancy,Noni,3EMC5O,1992-01-09,fnoni45@uiuc.edu,5491899718,7634 Bartillon Pass,VZEJA4128C
Laurene,Areles,Mdns39Qn6,2001-10-08,lareles46@networksolutions.com,2892125612,92 Rutledge Parkway,PMJAF1791G
Verene,Hugonet,RfLKIN0,2010-02-22,vhugonet47@ft.com,8564501967,38 Elka Trail,ZTVJH3846D
Josepha,Lucock,YYxIg75ET,2019-09-14,jlucock48@mozilla.org,3850827083,8470 Corben Center,XQWCV6640R
Reynolds,Gomez,RlgGiKD4,2017-09-08,rgomez49@netlog.com,5499350080,66926 Melby Court,QTALO8193N
Ellene,Pancast,0njJYiKXEcjI,1997-06-23,epancast4a@elpais.com,7363199233,353 Debs Street,QCMAE4162S
Megen,Elce,6x8Vbnxeq,1995-10-03,melce4b@ovh.net,6449344555,0 Autumn Leaf Hill,VQXHW9424D
Pepito,Winterburn,jTXkSwJIUP,2016-01-14,pwinterburn4c@g.co,9676660304,496 Menomonie Road,LDXLY3218D
Selia,Stocken,5vqihOwnE17,2014-11-16,sstocken4d@nps.gov,3776661093,954 Longview Center,STKFM9546X
Fletcher,Ruscoe,68KZCz,2006-06-19,fruscoe4e@netlog.com,4862854107,3 Ridgeview Crossing,OCAAQ2373J
Wain,Firebrace,YZI50kRLv3,2008-02-10,wfirebrace4f@cyberchimps.com,926982475,59 Petterle Terrace,SDAFJ0216G
Kenny,Pietrowski,MAgKgmcYy8R,1999-10-04,kpietrowski4g@buzzfeed.com,5282907122,41209 Lerdahl Point,ZTBBG8793C
Read,Gresley,3vM3hRZnX3,2001-10-10,rgresley4h@barnesandnoble.com,936014678,053 Pond Circle,DMYAA7712H
Marlie,Malatalant,STrf9SM,2003-08-14,mmalatalant4i@constantcontact.com,9407078490,3719 Birchwood Street,BXOTB9065C
Randi,Willgress,ZNCm74n,2021-02-22,rwillgress4j@redcross.org,4058999142,297 Ryan Junction,ATCFS7216Z
Erika,Piken,AmkhoK,2020-06-18,epiken4k@comcast.net,2899724705,540 Fair Oaks Way,PKSPX2121E
Lulita,Bartolomivis,jutjS3Dnb,2003-07-10,lbartolomivis4l@sbwire.com,8016790636,82935 Goodland Terrace,PQOBH6080M
Matthias,Thorwarth,CTg5zkEzOeU,2005-04-13,mthorwarth4m@macromedia.com,6112543760,30 Cardinal Crossing,QWFGZ8263J
Westbrooke,Dymidowski,b25cOxmPgSwR,2001-03-29,wdymidowski4n@indiatimes.com,6226177801,35 6th Park,GYCAM2688Y
Trstram,Nolleau,HRM1c2,2006-04-28,tnolleau4o@xing.com,7078197081,351 Emmet Place,MRQPN4761R
Nettle,Capper,XgmV5ov5uF3,2003-03-11,ncapper4p@weebly.com,6391515066,37322 Manitowish Place,ICOPU3841A
Joya,Brearty,eAlSLPO0,1994-09-24,jbrearty4q@hostgator.com,1819340790,95182 Pierstorff Junction,DQBCL0289G
Mireielle,Henric,zYAg5SW,2005-09-11,mhenric4r@blog.com,4700039578,0 Victoria Lane,YZOGW2698O
Georgianna,Gorse,s4cJmdTg,1992-05-22,ggorse4s@ow.ly,5645435414,1856 East Crossing,EJTGX6465K
Carleton,Kubera,syUVNrcaRSXT,2003-03-17,ckubera4t@springer.com,3061433871,9970 Corscot Lane,VYMFS8168S
Cherish,Humes,Aqt5Czui,1993-09-28,chumes4u@imgur.com,3076168899,8729 Shelley Street,RREJL5511U
Aggie,Thornewell,jMi29dFM,2004-10-05,athornewell4v@loc.gov,1040848650,8912 Mosinee Lane,KFCLW8209G
Ruprecht,Saylor,xnbSHj,1990-05-14,rsaylor4w@a8.net,7608582218,6014 Rigney Road,WRLFH6815Z
Asia,Eckersley,Pag7ssPYF,1992-03-27,aeckersley4x@nydailynews.com,5854296179,41269 Bobwhite Way,WFIPV9794F
Guy,MacCaffery,EDbD7aFXxh8P,2001-09-05,gmaccaffery4y@epa.gov,8510619712,0250 Bonner Drive,KVLLM0927J
Corabella,Whithorn,eqiqBemRvJ,1998-05-08,cwhithorn4z@unesco.org,5291018558,10 Larry Court,QADJE6541G
Verene,Boom,JLiCNcbyuD,2017-12-03,vboom50@fastcompany.com,882691924,57 Waubesa Point,SMJJD5630Q
Nady,Scallon,j2f0l0Og3zx,2012-10-26,nscallon51@unblog.fr,353689382,36 Lyons Hill,FZXBJ3509M
Yankee,Birchenhead,XXdxFoK73B5,2015-07-04,ybirchenhead52@google.com.au,971676870,8421 Carpenter Plaza,CEHHH7251C
Melvin,Bastock,nXweI4D5,2012-10-30,mbastock53@bigcartel.com,79804256,8564 Grayhawk Crossing,USVHA0531D
Caril,Mosson,W5CCYwF,2020-02-27,cmosson54@deviantart.com,7440489798,215 Clove Plaza,QNITA7763J
Millard,aManger,hsPMGXpQ62,2018-03-19,mamanger55@harvard.edu,4712819713,29461 Vidon Crossing,JSUFG8494T
Kordula,Razoux,0fNX1QAn4Pxo,2010-06-18,krazoux56@wsj.com,5799341135,856 Ryan Plaza,KTMGS9681M
Sherri,Castillou,HDXkM41ZRi,2014-05-29,scastillou57@wikipedia.org,2527947800,1 Westend Circle,AGYFX8318C
Stevie,Parlott,qek8JCCpMX,1996-11-01,sparlott58@twitpic.com,5476728301,8849 Morningstar Pass,BKIFI7856M
Mariya,Cruz,iuSpVWB7,2019-05-25,mcruz59@marketwatch.com,3241954217,65928 Buhler Point,LJKJP1426G
Lorain,Loads,L9QWigf1X0R,2005-07-31,lloads5a@webeden.co.uk,9195258589,1254 Hansons Point,WIIAG1306M
Clemmy,Skipsea,aq8fuF1AF,2000-05-17,cskipsea5b@wikispaces.com,9478780119,226 Pine View Circle,FTAFF1410H
Carmella,Fernier,4KDHnLSmb,2015-10-01,cfernier5c@scientificamerican.com,8781095514,729 Kim Place,MLHJL0801T
Marylee,Dudeney,ES5KUYwg,2004-09-30,mdudeney5d@hp.com,7033436405,8374 Nova Court,IZWJN4790G
Yoko,Greenacre,sKrI7XncKh9,1991-11-22,ygreenacre5e@state.tx.us,3948617147,07284 Crownhardt Point,LMCFV9124L
Maye,Dandison,7WWFblGL0,1992-11-16,mdandison5f@desdev.cn,3984682535,8 Division Lane,CGNCE6395N
Maddalena,Millery,z8IOTwV54Hk,1992-01-16,mmillery5g@deliciousdays.com,108423511,256 Lotheville Alley,UPGFN0051Q
Derby,Meigh,Fo3j6otiaWXS,2002-03-22,dmeigh5h@biblegateway.com,581990691,80774 Dakota Drive,TJLFE8977E
Noelle,Smalman,0YbUogi,1998-08-01,nsmalman5i@un.org,5928916006,45 Londonderry Plaza,ONBLG7429N
Gabrila,Grimsdith,oITYZ7gNU7Qg,1998-09-30,ggrimsdith5j@toplist.cz,4935673649,62 Clemons Trail,WRRFO0180Z
Neile,MacGraith,MNOkWs65VK,1997-02-13,nmacgraith5k@discuz.net,7252299097,34924 Monica Center,ZXXAD8567C
Noah,Stamper,T5yuAE,1999-12-06,nstamper5l@webnode.com,5463061458,4801 Dwight Plaza,NFEPE0556G
Danny,Colwell,CJVlKx,1992-05-30,dcolwell5m@kickstarter.com,8485487022,6 Hayes Center,VZNHX5365A
Stafani,Iskov,FqKpCBAFag5W,2022-01-20,siskov5n@hexun.com,470876472,1313 Algoma Alley,DBUFV2863Y
Pyotr,Coade,v9AxDV30mE,2009-09-10,pcoade5o@tiny.cc,3197789221,58 Lakewood Gardens Street,FNCBC0619M
Scottie,Sunners,bcKtsen0,1999-03-07,ssunners5p@blogs.com,8539436552,950 Golden Leaf Center,AXLJJ3288Y
Isabelita,Isaac,ZQiKQuq,1997-08-04,iisaac5q@artisteer.com,7866302432,18 Duke Center,FZLPP0200T
Elianora,Dene,Dc3XWsmsTc,2002-02-23,edene5r@omniture.com,7381905138,776 Namekagon Avenue,XCRHT6696V
Cristine,Iiannoni,mesyNbsGF5c5,2021-05-28,ciiannoni5s@geocities.jp,5627724334,78815 Eggendart Circle,YMPFW7258Y
Deeann,Lapenna,uYmANeYqohu,1993-04-18,dlapenna5t@google.cn,9405917449,23 Hooker Trail,RBNCX4507I
Clari,Whistance,EGCy8ZR9a,2009-10-25,cwhistance5u@deviantart.com,2233012738,213 Waubesa Point,KNOHA9919I
Tatum,Girodias,Pc0tOBVy,2008-10-02,tgirodias5v@a8.net,1321237740,2 Artisan Drive,CLLTQ4980E
Carmela,Castanone,qwHXW86O,2018-12-01,ccastanone5w@youtu.be,1435071154,8027 Sloan Plaza,QJDBV0941R
Constantine,Sacco,DoQCsAI7,2022-03-13,csacco5x@wunderground.com,6654402714,64150 Grim Circle,QQDAE1085O
Stephani,Bollam,QW5VDHS2YGCl,2005-11-22,sbollam5y@buzzfeed.com,8661774647,72 Kenwood Point,WZHPZ1215Q
Bridget,Hutsby,SUV4Q5Mt,2002-06-18,bhutsby5z@wufoo.com,8848095816,629 Buell Junction,AKPFY6753F
Baxie,Bank,KtIWWj,2015-06-07,bbank60@bloglovin.com,6401489001,4578 Forest Drive,YXIFW0410F
Delmore,Beattie,4VRWC9P,2018-01-02,dbeattie61@weibo.com,359584000,0236 Corscot Terrace,KFWHJ2956W
Elias,Rowatt,StFtijGwzYTy,2015-01-31,erowatt62@weather.com,9241005168,42 Susan Place,NTNLF1399K
Sammy,Gilli,sIjpzseq,2000-07-08,sgilli63@fc2.com,6831849686,31534 Reindahl Pass,GHYGR5309S
Saleem,Armatidge,4N6dYqNRm,2021-06-24,sarmatidge64@ihg.com,6766534747,2519 Anhalt Terrace,LBYGB9082K
Tonye,Wallege,DZfOII0v8d,2001-12-08,twallege65@tripod.com,9089426716,6 Ridgeway Trail,IKTBM8189A
Jennee,Loker,9wnqM13S,2010-04-13,jloker66@webeden.co.uk,9409284583,734 Mayer Alley,AHMFE5830H
Estevan,Siddle,l6i6uHX,2013-08-14,esiddle67@gnu.org,3928490433,2661 Fairfield Drive,JGEFF8687R
Izabel,Churchyard,T5O9sFoPQ,2000-02-23,ichurchyard68@whitehouse.gov,5179704250,935 Delladonna Street,YEGGX3951H
Ollie,Curran,jHOv5jNkyz,2000-12-27,ocurran69@psu.edu,8867407078,19 Holy Cross Drive,DRFHF0441N
Renee,Stretton,46Tkdam,2003-11-22,rstretton6a@parallels.com,7476806163,42771 Lindbergh Alley,HZSLZ3728W
Del,Lauritsen,a8goe5y,2005-10-31,dlauritsen6b@hc360.com,6902575155,87804 Cherokee Plaza,PJITY4184C
Daron,Hanway,S6cXv6GBi,2003-03-10,dhanway6c@businesswire.com,9317638978,7570 Sutteridge Hill,SBQBW1145U
Marice,Midghall,iCZlCTQqnx10,2020-04-11,mmidghall6d@skype.com,8847794581,8731 Waxwing Crossing,EAMJV3437B
Dalenna,McGragh,ZoZmrtVNt,2013-04-16,dmcgragh6e@oracle.com,8052091972,008 Sloan Drive,PXZHV4166D
Rebecka,Lynn,NyUr4XSc,1993-01-16,rlynn6f@wix.com,6266411717,1617 Green Ridge Hill,RSAHF3148G
Krystal,Balassi,ApWZqmr,1994-12-11,kbalassi6g@msn.com,5331386980,5 Artisan Trail,XAIGP2349D
Michelina,Papps,HwTI16,2011-09-20,mpapps6h@ibm.com,1740974480,6 Hauk Pass,KOAFW3060Z
Appolonia,Tredinnick,tQyqU5ot,1995-03-09,atredinnick6i@bbc.co.uk,133372547,3087 High Crossing Way,RIELK5103X
Idalina,McShirie,9A32Tf,2000-12-07,imcshirie6j@earthlink.net,7477081901,6246 Nobel Drive,DOZJY0863S
Carmella,Hexum,xfMlbCEf,2000-02-28,chexum6k@blogspot.com,1313032752,071 Starling Lane,BFYCD2503L
Donnell,Cradduck,lF3GK6,2000-09-03,dcradduck6l@ebay.com,3071076677,26 Sugar Pass,IARAF8353B
Selle,Coucha,y1hqnkTlg,2020-11-20,scoucha6m@businesswire.com,7623683513,02992 Londonderry Place,WYHBQ2598T
Paxton,Mingame,L8WN8Ol9XcT,1992-03-19,pmingame6n@storify.com,4449142822,0 Summer Ridge Road,UJGHQ6517S
Vida,Turfitt,6kHjQAA,2012-10-19,vturfitt6o@disqus.com,7175332473,5113 Bobwhite Pass,VABLN1082O
Hort,Hickeringill,RmgtE6,2018-11-19,hhickeringill6p@intel.com,2953833985,3 High Crossing Way,GIGJP3200L
Christyna,O'Cannavan,mkj7h3o3BEP,2005-04-05,cocannavan6q@blogtalkradio.com,2731885171,654 Eliot Center,OQYLE1000H
Marcelo,Morgue,RQN9e0ztucT,2013-12-23,mmorgue6r@msu.edu,3475814119,51163 Buell Court,SDKPE8758E
Inez,Cawsby,7Hxwqp,2002-04-29,icawsby6s@biblegateway.com,4522892360,165 Trailsway Court,ZCPJR3063U
Sterling,Lackington,FrYkzeCy,1994-01-08,slackington6t@issuu.com,5583244914,41282 Nancy Junction,JUOFH2545N
Franchot,Wasiel,VumfeIGC,2013-01-14,fwasiel6u@upenn.edu,2255434139,83 Blaine Way,IROJP7777Y
Ed,Gynni,tHfqXSZa,2006-12-21,egynni6v@dot.gov,41162671,3 Packers Pass,YUIAV5999G
Hestia,Snoddin,cBFsVosXG,2016-01-10,hsnoddin6w@wired.com,6090133493,8 Anzinger Drive,BAFJG1224L
Larina,Bannon,9F7ZxEcH,2017-06-13,lbannon6x@usgs.gov,9359684524,50 Oak Valley Point,SKMBL0071X
Gail,Heighway,bE31GGMUh,2000-08-01,gheighway6y@gnu.org,5722287146,45114 Service Street,JAJHL6791H
Beverie,Wayon,VwZQwkYrs,2009-02-23,bwayon6z@baidu.com,3452751960,519 Bellgrove Parkway,FOVHU4352O
Walsh,Pilipyak,9xvxWZeD,2009-11-23,wpilipyak70@redcross.org,8929819480,692 Dixon Place,WZGFG2505B
Vincenz,Berens,yw2yq2sh7IS5,2009-10-18,vberens71@admin.ch,5704900232,6 Dwight Lane,ZAQAG6756B
Ayn,Merryfield,YeLjwV,2006-08-03,amerryfield72@unicef.org,9067132685,0 Northview Park,UYQPC3370M
Hart,Caris,7QAxZWbAkwoS,2006-02-28,hcaris73@google.nl,327284973,804 Sycamore Circle,TSWGZ3170U
Sigrid,Briskey,yveJjT,2012-07-26,sbriskey74@zdnet.com,5777582311,44813 Oak Valley Avenue,PUHJW7628P
Kenna,Cluitt,cMg7cg6VC,2000-01-28,kcluitt75@mapquest.com,2791091622,64 Lake View Plaza,NHSTQ9857K
Rudolfo,Barendtsen,LHYOOUIyQziO,2005-03-10,rbarendtsen76@unicef.org,8561088209,5999 Vera Street,SQLTF0067R
Meridel,Avon,vFuqKIn,2010-05-25,mavon77@stanford.edu,2748682319,7964 Sutteridge Lane,YXVBA2583J
Lizzy,Hubery,q70Ywd,2016-10-30,lhubery78@statcounter.com,138713832,91 Delaware Plaza,DRXPI0032S
Janeva,Millwater,KuDCsz6l,2020-09-05,jmillwater79@tiny.cc,4324133882,23 Johnson Park,UHDBP2467N
Asia,Morkham,EvlNcBEG,2005-09-16,amorkham7a@google.nl,8005896306,06 Jackson Drive,RRVFG9837G
Guglielma,Olivari,vpHoTYWmpveV,1995-04-24,golivari7b@prlog.org,8392943252,04804 Del Mar Way,TKDLM1121M
Sarge,Teaser,ikFvww4e,2017-08-06,steaser7c@google.fr,514058082,10 Pankratz Lane,ATKTM1911Z
Mercie,Gouly,nDps2oDNwst,2017-05-04,mgouly7d@businesswire.com,5445715947,308 Ryan Way,CAHLI6315Q
Kain,Meeson,B3yTteJK5s,1997-12-24,kmeeson7e@wordpress.com,3020315376,5750 North Hill,XYLJA4317U
Jaymee,Beales,wliBgT,1995-12-30,jbeales7f@photobucket.com,196423945,146 Artisan Crossing,WVNHG8584X
Bethena,Burgess,llsTnPjQSxs,1991-10-08,bburgess7g@ucla.edu,4931376148,5 Talisman Way,LTLTP0137L
Antony,Mahoney,zNaIdjnh,2000-02-05,amahoney7h@theglobeandmail.com,7821202120,7758 Rowland Street,VDFHR1127T
Edmon,Gilmore,VKMhJc7fXS,2011-04-30,egilmore7i@myspace.com,9803182959,21 Merry Road,RVFTS9564V
Katerina,Strevens,xdmdCD,1995-08-23,kstrevens7j@usgs.gov,6884673360,1 Weeping Birch Center,SGBBJ6118N
Archie,Haugh,rahJK4FRVbW,1992-12-03,ahaugh7k@de.vu,3631061440,8892 Thackeray Road,CUBLQ2724M
Hermia,Halm,AuziALuMZ,1997-04-22,hhalm7l@furl.net,7252100545,530 Ridgeway Road,FQKFH3786T
Dyann,Huebner,XEl7PJGhdlvS,2016-08-02,dhuebner7m@t.co,8666700225,34 American Ash Place,TJYPZ0391X
Jerome,Crimin,3Dm6fXyM,1995-12-17,jcrimin7n@arstechnica.com,670105827,67571 Colorado Pass,RJXCK0165N
Vonni,Spellward,HswljJyA,2015-09-02,vspellward7o@miibeian.gov.cn,8746645890,4467 Bluejay Road,LWUBW8839X
Rhianna,Liversage,pHlOr6bw90JN,2020-02-15,rliversage7p@google.com.br,166126836,69904 Jenifer Drive,NMIAZ2265J
Karlene,Schutter,yAQC5NtsCHe,1995-01-20,kschutter7q@php.net,9398064967,3026 Killdeer Circle,JEXLL0460V
Andonis,Bambridge,zEQGpMQwC,1998-05-28,abambridge7r@storify.com,3190193868,24 Ridgeway Pass,ZKZBD1976S
Skye,Bassil,8lbPx7p,1998-09-17,sbassil7s@weibo.com,4981230999,4850 West Court,HJJTX0263O
Devin,Kobiera,rimCdC,1991-02-24,dkobiera7t@bbb.org,9880029685,96 Clove Avenue,AVBCO9615A
Kass,Bleythin,yMiHHWKaxO,2009-07-11,kbleythin7u@addthis.com,4636635817,3 Onsgard Drive,HZSFQ0139V
Fidelio,Hafford,i0VEveySc,2008-08-19,fhafford7v@un.org,1856417806,12 Moland Point,UQMGY2734T
Hamlen,Heselwood,dnHolnsS,2018-05-18,hheselwood7w@drupal.org,3221407361,5291 Glendale Trail,NYDPB1087W
Jan,Klemke,zqC3CQPui,2012-11-01,jklemke7x@blogspot.com,7339143910,9229 Montana Pass,PWRBL5987W
Reba,Garstang,fY6Tlv,2015-11-21,rgarstang7y@gizmodo.com,9855974410,0 Fieldstone Junction,FPMLV6122L
Tatiana,Clemmen,S4rmExL2YXoR,2018-12-14,tclemmen7z@economist.com,8703161670,6466 Killdeer Park,RUIFT5360Z
Betsey,Mathen,UzR4QrPCf9kH,1999-06-02,bmathen80@phpbb.com,1160743470,1 Jay Trail,HXJCT0109W
Alexi,Raecroft,Ke4fjoJP8,2018-09-27,araecroft81@noaa.gov,7349411360,9 Union Pass,IAWAD1755S
Marie-jeanne,Sheach,9smfUVpy2,2009-05-12,msheach82@phpbb.com,4529828147,8 Warbler Crossing,LLSTA3299F
Sigvard,Cobson,098L2kCuN,2003-11-28,scobson83@youtu.be,550740173,02826 Michigan Plaza,IOPLH3319X
Terry,Sorby,Ru36kti30Vw,1995-01-26,tsorby84@scientificamerican.com,512720416,333 Little Fleur Junction,AMRBY8701I
Lothario,Kelner,YlfvHV1aNkZ,2007-04-27,lkelner85@earthlink.net,1519241713,86735 Doe Crossing Center,DKOBR8634Y
Gunter,Spyer,YfUXEqeLVGh9,2021-09-18,gspyer86@ft.com,4842763081,9 Cody Lane,MNCJH3263S
Barr,Forsaith,Pb7PbGb1,2010-08-16,bforsaith87@ebay.co.uk,8420854537,0 Bobwhite Lane,PATCQ3525S
Laureen,Gammie,diVc5m8Q5Y9,2000-07-26,lgammie88@businessinsider.com,2944563064,22 Birchwood Center,RLFGW4862H
Ara,Carncross,Z102ao,2007-09-20,acarncross89@youtube.com,5626526024,47641 Vidon Center,LTETF8810S
Teddy,Keywood,0pNxPgapCKl,2021-08-22,tkeywood8a@utexas.edu,7705484296,532 Mitchell Circle,CPBTL9194T
Brita,Hunnybun,NamtSb8w,2009-02-17,bhunnybun8b@wunderground.com,2277732935,98206 Transport Court,QCRCP8098D
Diana,Bondar,ykMJBYSc,1997-12-24,dbondar8c@msn.com,335279452,2 Garrison Hill,FBGTJ8256Q
Christiane,Shieber,3JY4TJd,2001-11-29,cshieber8d@usatoday.com,5879066514,93248 Annamark Center,TKDFF4313K
Gregoor,Ruby,v5H36fj,1999-01-19,gruby8e@nytimes.com,5793604364,436 Nelson Avenue,DIVFZ6113K
Alphonse,Cockshott,DCi816SbRYd,1997-08-19,acockshott8f@flavors.me,7582641560,491 Hoard Parkway,ZDILW0343C
Say,Kubasek,8Owuuan,1999-10-21,skubasek8g@google.it,8628295904,31 Thompson Pass,FWFGV1934U
Pru,Mil,MJljZ6,2003-04-16,pmil8h@rakuten.co.jp,1511780680,9349 Macpherson Trail,VQNTO6761H
Chrisy,Ellingworth,7RvGgGP7Ya,1992-06-08,cellingworth8i@mail.ru,736975588,5 Dunning Court,UINPE0499D
Doria,Alexsandrowicz,09NCJrp,2010-10-24,dalexsandrowicz8j@wordpress.com,6094320102,01731 Bayside Junction,QFQJV3737R
Doralin,Gerring,5X8iaHN,2016-11-19,dgerring8k@dedecms.com,3297289555,30251 Pawling Alley,FFRJG3717T
Gayleen,Godart,X7P7vd0BZJ,2008-12-13,ggodart8l@google.cn,7477428603,6 Spaight Park,UKAGD2714S
Timothee,Antonacci,ZCceAKwn6cq,2017-02-22,tantonacci8m@yandex.ru,6726818127,45998 Ridgeview Parkway,CWLJT7102M
Betty,Greenaway,2DCo0ZhX,2016-01-09,bgreenaway8n@shinystat.com,1598776683,43980 Stoughton Parkway,GQCLZ9413Z
Bobette,Cavnor,VZdK4vQYaxQ,2003-05-19,bcavnor8o@wp.com,5268675222,00452 Anthes Circle,JGNGX0852L
Timmi,Bailiss,8pGrdbZ,1992-05-06,tbailiss8p@un.org,8928524792,1 Merrick Street,XSLHT1446I
Vivianne,Spenley,pABX5K,1990-11-30,vspenley8q@indiatimes.com,1316965444,7863 Green Center,EZCPG9129F
Hansiain,Pickles,rrUZK2,2009-06-08,hpickles8r@google.com,5937428403,7 Menomonie Trail,QJSJL5263T
Josefa,McPhelimy,t4jKEULCQ,2000-01-03,jmcphelimy8s@surveymonkey.com,9280121999,0 Express Circle,CELJN5321Z
Ariella,Tabart,syNBFIHMyy0s,1993-05-09,atabart8t@360.cn,1680526010,2 Lien Point,YFWGT6178S
Nanette,Saunt,DQR31TrVA,1995-02-17,nsaunt8u@amazon.de,8835506533,435 Ridgeway Parkway,QEGBM5248V
Adella,Terry,4GyDASYd,1999-06-04,aterry8v@scribd.com,7880276572,6629 West Circle,VMQTW4357A
Hube,Geerits,aMl5VnjRz,2004-02-26,hgeerits8w@studiopress.com,5082258601,03214 Golden Leaf Lane,DUOPA3014N
Mychal,Feechum,moH519,2014-11-15,mfeechum8x@tripod.com,4297985629,69 Texas Road,RWGFM2772A
Gene,O'Kieran,N2tqV3PHHt,2011-02-09,gokieran8y@sogou.com,99476056,82 North Park,WAXCD4604D
Michele,Goodier,azyvboxEP,2017-11-07,mgoodier8z@360.cn,4930053250,11988 Sunbrook Hill,ASKJY8615Q
Georgette,Carlill,wlivcLpetSR,2016-06-23,gcarlill90@theguardian.com,5156615256,54889 Lien Terrace,OWGHC4377B
Bill,Gadie,EGgCmSI,2010-09-18,bgadie91@opera.com,5288251642,9877 Jackson Trail,HWZFL8850A
Jobi,Pope,tjR4oxzR,2007-06-22,jpope92@over-blog.com,1801237845,933 Warrior Lane,XPAFN6201M
Wilhelm,Turl,KCJkFRkWX,2017-07-18,wturl93@ebay.co.uk,1220567675,332 Dorton Street,VEPHK1681X
Natasha,Ivanovic,drUuPqToLu3,1994-01-21,nivanovic94@baidu.com,6860816790,3719 Village Green Crossing,EZLAB0191S
Amalee,Fidge,yFMYvRRWHT,2009-03-17,afidge95@drupal.org,1724130918,41 Haas Court,ZBLFV4489G
Verile,McQuilliam,0EzZBuEi,1991-07-10,vmcquilliam96@networkadvertising.org,998593991,00003 Arizona Terrace,EGDAY9131M
Willey,Baldini,umguMje,2013-11-25,wbaldini97@moonfruit.com,2711509534,2150 Merchant Court,HANFJ8889Z
Mariska,Eddleston,0HiKrAkl,2013-05-23,meddleston98@weebly.com,8013683323,42 Messerschmidt Crossing,ZCBAO8558M
Ashli,Baldinotti,AyWqzUa,2011-11-19,abaldinotti99@cpanel.net,5318856198,3 Monterey Lane,OEMJE0987E
Ardra,Ness,TJmBtaug5J,1992-02-13,aness9a@w3.org,9260672791,83784 Kensington Junction,CGYAQ7972N
Cristen,Calderon,2tDx6CUmtj3Y,2004-08-06,ccalderon9b@google.com.hk,4839389671,08 Stang Trail,SQEHC5193V
Yalonda,Ferroni,Wrd72lSlJ,2005-05-17,yferroni9c@wikipedia.org,4262075090,477 Kennedy Drive,ZEIHM6352F
Der,Brimicombe,Pwy8BZHo,2004-11-26,dbrimicombe9d@comsenz.com,3510460419,82 Montana Plaza,KZCBM2471R
Chloris,Darlow,BWDpWG9Mp,2007-11-22,cdarlow9e@blogspot.com,5048142404,5 Tomscot Plaza,BQLPQ3990W
Matty,McAdam,7T4VBc,2014-11-13,mmcadam9f@nba.com,7645782990,03 Oneill Lane,KHDPB0216U
Nettle,Twinning,XXuAr7dC,2005-05-13,ntwinning9g@ftc.gov,8740203511,3249 Texas Place,FWJBL8776X
Cordie,La Padula,hdAgNkm,2021-03-28,clapadula9h@mediafire.com,1480955299,506 Bellgrove Point,OHDFI8295R
Mauricio,Sirmon,089BSmpBwHXq,2007-12-14,msirmon9i@4shared.com,45551782,490 Holmberg Lane,XBOPD3074G
Loree,Nowland,lkzFtU7uykmj,2006-08-25,lnowland9j@smh.com.au,3905850327,89 Gale Circle,WNBAT3867C
Mignon,Popescu,JtPcSPB,1998-08-03,mpopescu9k@stanford.edu,7234561142,450 Banding Pass,EBOFR3681M
Maison,Dobson,PwYMnb,1997-05-16,mdobson9l@usda.gov,5485011333,3088 Thackeray Plaza,YRJGK3106U
Yuma,Bexley,6fG1ahI9W,1990-08-23,ybexley9m@tinyurl.com,5593639223,6 Brickson Park Lane,OZMFI9664Q
Margarette,Ciccotto,V068gZpVJo,1998-11-05,mciccotto9n@youtu.be,4521968036,4671 7th Pass,BXSCP2038Z
Goldie,Hasely,xTd5D11YQKIH,2011-11-20,ghasely9o@archive.org,2826125951,419 Montana Way,IDUHG9456O
Birk,Addicote,mTmzqank0,2006-09-30,baddicote9p@who.int,1151210896,11 Messerschmidt Way,XQBTY7122U
Zaccaria,Cowans,2P8UeuqJ,2005-06-05,zcowans9q@harvard.edu,2950206284,53 Heffernan Place,GFICT1211T
Joletta,Shute,C2nsQOwiCQ,1996-03-22,jshute9r@go.com,5317277542,19 Steensland Street,KSLFJ7115X
Mil,Mustill,shEUddkIyzx,2006-07-08,mmustill9s@wp.com,4141927483,17 Grayhawk Crossing,GZGLL0036J
Reeba,Nolder,zWdC1k41NTxV,2021-03-18,rnolder9t@parallels.com,3181581232,40 Stuart Drive,UGXAL3110N
Kinna,Gravatt,fjqMu7JEGpr,2003-04-17,kgravatt9u@barnesandnoble.com,4310935067,01 Meadow Vale Lane,RFCFP2094W
Brigitta,Beddingham,MH7LNTTAFNTr,2003-11-15,bbeddingham9v@alexa.com,3498286785,291 Cordelia Point,NSXFX1441P
Vaclav,Heald,90NhNl7,2013-10-03,vheald9w@xinhuanet.com,9884601459,54 Bobwhite Hill,KFSCQ5254K
Matthew,Gerram,hZp5XZFBW,2019-04-26,mgerram9x@nymag.com,3585253694,2623 Cordelia Avenue,KYHFX5528J
Basilio,Gaule,lIvye6l2,1997-11-17,bgaule9y@php.net,2507022156,2304 Lien Avenue,SWVHO1699S
Van,Meagher,IBLiAGCa,2006-07-22,vmeagher9z@bandcamp.com,5738448934,4 Sugar Court,TTJFY3802K
Ruthe,Livermore,iqDgtXe,2009-04-26,rlivermorea0@nature.com,7424643013,4421 Forest Dale Junction,ZHATG2981I
Gae,Kelso,B5FDTnrD5,2013-06-30,gkelsoa1@flickr.com,1494552065,7899 Kedzie Drive,RDKFU0467D
Christi,Foucar,0lbCU4dk4,2008-11-10,cfoucara2@arstechnica.com,2347350853,405 Shelley Court,JCLCN7076P
Alfie,Woolveridge,wZdhKyrEeDn,2000-02-01,awoolveridgea3@technorati.com,3285268679,55 Caliangt Junction,QGVLI4906P
Cosette,Carrigan,WR5uifv,1998-07-21,ccarrigana4@gnu.org,4285778045,0228 Sherman Pass,HTFPW9287B
Orran,Easby,dBGM9fYSkWI,2015-09-27,oeasbya5@bluehost.com,8870978216,1122 Canary Plaza,ENACB9111J
Meara,Abad,JW4cg7,1995-03-12,mabada6@mysql.com,7762747180,510 Eastwood Park,FQEAS1223H
Cherie,Sondon,4R5J5w,2015-08-21,csondona7@shop-pro.jp,2933169799,9 Maywood Terrace,AFNHU3684J
Chalmers,Winterborne,KIXSCUcE,2015-02-02,cwinterbornea8@themeforest.net,5963970308,77349 Bluestem Center,UBIBY0270N
Anallese,Hardin,MaVdCjVBY,1995-06-16,ahardina9@constantcontact.com,327107640,9643 Bultman Crossing,GKFCJ5473B
Ennis,Brilleman,lzwKqA,2000-07-07,ebrillemanaa@mapquest.com,2244219641,31 Fuller Parkway,JBMFB4092H
Jarvis,Scandrick,gBl5VsCki6,2009-07-27,jscandrickab@msu.edu,7675302151,322 David Hill,XIUFP1717C
Roscoe,Thunderman,plfdVCIHPBl,2022-03-25,rthundermanac@symantec.com,1809292642,88 Sutherland Hill,SJPTT8985J
Geri,Gyves,VOT1nYd,2011-09-22,ggyvesad@salon.com,6334257606,90 Grim Hill,LNDLR7568Y
Maurice,Georgins,BzoFWstjw,2017-05-21,mgeorginsae@psu.edu,5047634744,8 Kensington Court,VHSGA4496B
Iago,Angell,reSufdR,2007-11-03,iangellaf@narod.ru,5785005770,916 Weeping Birch Court,MGJLX5587F
Delaney,Brunton,Wy0gbh0,2021-01-07,dbruntonag@europa.eu,8973921560,85 Parkside Drive,AVYTW6988N
Sayre,McGerraghty,Z0NkoSSj,2017-02-10,smcgerraghtyah@pcworld.com,4838517142,17 Tomscot Terrace,XTGHW5822O
Cathrine,Rubenczyk,UNYAHQSroK,2021-03-14,crubenczykai@howstuffworks.com,3136486493,40 Pankratz Plaza,QVETR0543F
Wenonah,Trillow,6BXQTEIO,2018-09-18,wtrillowaj@dropbox.com,1078159805,4394 Fallview Junction,HNIGF2752X
Dalli,Bontein,8NmPcjgy,2019-09-15,dbonteinak@mlb.com,1414543376,15416 Sage Street,TGUAE1059H
Elsie,Chessel,8o6DaUnSrq,1993-08-24,echesselal@dropbox.com,6143858795,24400 Morrow Plaza,WPHLJ3230Y
Latia,Cranmore,UvtrDk,1991-12-29,lcranmoream@unicef.org,5171645698,7 Elka Place,OSLFN9150D
Cirstoforo,Margett,xi99Fw,2016-05-11,cmargettan@squidoo.com,4373043454,16 Sauthoff Court,XSGFX8601Q
Lettie,Jeffcoat,nCrLAk5x,2002-05-11,ljeffcoatao@geocities.jp,6626622606,498 Kensington Place,GFCAN0854N
Mitch,Kidwell,QrV4KHyUCSN,2011-04-25,mkidwellap@feedburner.com,4092084340,1155 Farragut Center,SGGPS4306R
Brett,Wyer,Idx16Ge,2020-04-13,bwyeraq@hexun.com,7564280280,0827 Sycamore Road,JUGBQ5809A
Rania,Livingstone,doJxaEp0,1998-07-06,rlivingstonear@google.ru,4067603665,0680 Carioca Parkway,GYSPF1464J
Elizabeth,Reeders,xZj9mPGOuEB,1997-06-02,ereedersas@oracle.com,2293691683,165 Linden Crossing,OBXAL2624T
Benson,Clayborn,LYDlo5wUha,2000-07-02,bclaybornat@smugmug.com,9935589176,5004 Prairie Rose Avenue,IZIAF1495X
Sergei,MacDiarmid,8vENny,1998-05-26,smacdiarmidau@slashdot.org,4838114314,3 Corben Alley,WYPAW5747O
Carla,Piaggia,CSQwvE,2007-05-02,cpiaggiaav@cornell.edu,6644935636,4227 Hauk Park,SRVLL6575S
Lyn,Luquet,Z7gg0fGn0MVM,2009-07-06,lluquetaw@dion.ne.jp,5537605642,050 Elmside Point,YQFLC7858P
Lauraine,Djuricic,uho7ShNc6AaV,2009-07-12,ldjuricicax@answers.com,4519026560,7533 Gulseth Alley,KLKFO5068C
Rice,Byrom,l3vWOwt,1997-07-21,rbyromay@yahoo.com,5945119480,8 Burning Wood Trail,KHTFH3802T
Palmer,Narramor,X7VkREbVY,2018-08-15,pnarramoraz@bbc.co.uk,5093723507,25741 Dahle Lane,HLQFM7810U
Eduard,Shovelton,TPWl9O,2011-08-27,eshoveltonb0@bbc.co.uk,5804345614,2 Forster Circle,YCQHJ0080U
Arvy,Flanne,Jp6Mu1S,2019-10-09,aflanneb1@youku.com,5053088385,51 Randy Park,JLCAP5901T
Hobart,Seabright,EXQWjReF6oU,1999-08-21,hseabrightb2@miitbeian.gov.cn,6545080410,989 High Crossing Avenue,RNJBC5470G
Nerta,Loache,eMenJS,2001-01-04,nloacheb3@t.co,8387445857,8 Lotheville Junction,NVXGO3738F
Tynan,Kersaw,5EOf3PpCfBtP,1993-04-30,tkersawb4@aol.com,6454072062,777 Commercial Trail,ZQZFP6188U
Hugibert,Andreotti,QND6Gw4W,2007-08-05,handreottib5@opera.com,3833882217,63788 Elmside Street,PJNHF5320W
Neile,Lempertz,67l8NCH2,2018-01-25,nlempertzb6@jalbum.net,434759748,33541 Anniversary Lane,LZKJT5991M
Hilde,Bardill,LLUcB8NnKh,1997-12-18,hbardillb7@nytimes.com,8164877354,286 West Pass,ZUUPD0230B
Gray,Dran,s2nD4nbpHO,2021-09-09,gdranb8@comcast.net,6302720251,00 Porter Junction,LQSHQ0724M
Timothea,Furniss,fFwkVUYy,1991-02-08,tfurnissb9@drupal.org,6490429225,4999 Waxwing Court,KMVTK1886H
Editha,MacNair,1a3f4zRNT,1993-08-13,emacnairba@google.fr,1138937912,3149 Ronald Regan Circle,XKAFG6664L
Shellie,Myhan,MAnCgzh,2004-04-14,smyhanbb@tmall.com,9091593323,3 Ryan Crossing,UGTFY3861M
Matilda,Snaddon,YThWwzfvo,2002-03-23,msnaddonbc@si.edu,3611948152,511 Tennyson Pass,LOHTH3378X
Ariel,Duquesnay,11PuiM,2015-09-15,aduquesnaybd@hud.gov,2426256904,84984 Mariners Cove Circle,RRWBC6628F
Ebeneser,Doerren,ukIINpjZekGd,2022-04-17,edoerrenbe@mac.com,1128129667,19428 7th Park,OQZJA3194S
Justinian,Pariss,eBBWPcC,1998-06-02,jparissbf@facebook.com,628676582,18064 Orin Alley,CJTJU9102L
Shell,Doman,0CkDRHQe,2004-01-14,sdomanbg@guardian.co.uk,3300720545,173 Fairfield Parkway,NTGCE8171D
Melesa,McKinie,3s8BoLks62Hm,1997-07-22,mmckiniebh@marriott.com,1009711541,9777 Longview Center,BRRFS8252J
Carolann,Haws,zEGqZuxlX,2021-12-18,chawsbi@nifty.com,1555659013,035 High Crossing Road,VUDHH4355F
Gannie,Abate,PTIcUrEu,2008-09-25,gabatebj@hhs.gov,3980361270,5452 Shopko Center,GLRHV4000Q
Nickola,Van Dale,oSIrDN,2000-02-04,nvandalebk@cloudflare.com,3628349783,214 Arapahoe Court,MJNTA0122N
Leupold,Boscott,7dwJtq,2017-09-21,lboscottbl@dedecms.com,7716320759,422 Golf Course Place,GJVJI6783U
Ariana,Giffkins,lcVUA7TD,2018-11-09,agiffkinsbm@cbc.ca,2732766377,5 Amoth Court,VDXCL4405V
Rorie,Noorwood,D64g79cIX0k,2010-12-10,rnoorwoodbn@cam.ac.uk,7042316296,37 Saint Paul Crossing,FJXFC4474S
Stevy,McGuinness,Ezr7mGQhLI,2009-04-08,smcguinnessbo@psu.edu,7433105570,05 Lawn Road,GDSBE9039U
Hastie,McNiff,ElW9fvPdM0np,1999-01-18,hmcniffbp@chicagotribune.com,2714210468,8 Rockefeller Road,TRUCK4746D
Bettye,Foffano,NDXcPAie,2017-03-06,bfoffanobq@vkontakte.ru,884537681,4355 Glacier Hill Trail,QOKBR6041D
Kaja,Radoux,EwhEPSuID0M,2010-08-31,kradouxbr@pinterest.com,3216190034,2 Derek Center,SOQTQ3435R
Jerrie,Jankiewicz,Qbojs09,1996-06-30,jjankiewiczbs@mapquest.com,886111267,25 Aberg Hill,DSKGN6407B
Floria,Oen,weQhkuZKIF,2010-12-17,foenbt@dot.gov,2139909190,5 Darwin Way,XJVAP5687Q
Parry,Dulanty,HCbrF9YHI,2012-08-12,pdulantybu@psu.edu,5959192974,37707 Schurz Lane,HEAHR1870O
Maribelle,Kersaw,mwJeCpoJcGe5,2000-09-02,mkersawbv@hibu.com,1993777841,935 Victoria Place,GRMLK6581A
Kitti,Gianilli,5YiUXSF4G,2002-10-14,kgianillibw@earthlink.net,2629403997,298 Sutteridge Road,EQOFA5060F
Gaspard,Puddephatt,TjjgKCMn,1995-10-11,gpuddephattbx@blinklist.com,3845774335,806 Eggendart Place,XKHHG0183X
Garrott,Petrol,p6RSSy57,1994-02-27,gpetrolby@moonfruit.com,5964282781,27057 Stuart Avenue,KKZCE9159T
Glynis,Cutridge,lAtG96N6ByL,1992-08-26,gcutridgebz@cnet.com,2211114245,17394 Barnett Crossing,DWSFY6688M
Pavia,Skocroft,Wv3OJqufn1nF,1998-10-24,pskocroftc0@pinterest.com,1117097762,7 Jackson Avenue,FRPHI2184O
Babara,Raftery,UO0xpotqO5,1994-11-20,brafteryc1@google.com,4732012330,31 Clarendon Plaza,KQNJG8644E
Esma,Jordeson,CPUxTeBOXu0,2021-07-10,ejordesonc2@epa.gov,5017400862,486 Milwaukee Plaza,VKQBA8621F
Carlynne,Vittel,7tuIEO8GmOQZ,2000-08-09,cvittelc3@chicagotribune.com,3516826844,31965 Carberry Junction,NPBFY7110O
Benito,Robathon,xG6Mivw,1993-04-22,brobathonc4@stanford.edu,7518628689,0 Moose Drive,EGYLI3869L
Benedikt,Fullilove,OcXi4xgFTo,1999-03-17,bfullilovec5@patch.com,637044304,27845 Westerfield Crossing,EXYJB9031L
Elisabeth,Deacock,Px5xlxWePq,2003-03-25,edeacockc6@fc2.com,5318732440,49568 Dennis Terrace,UMNPG6480J
Boniface,Buggy,GvQx6oG,2014-05-01,bbuggyc7@behance.net,6291616562,98 Pearson Alley,WPGPF9284O
Tedd,Tutchener,xmtNyduNr5,2013-10-28,ttutchenerc8@tinyurl.com,3512711455,18614 Dovetail Park,YCFGR3656E
Sue,Bamlett,38GRDD0p,2001-04-16,sbamlettc9@aol.com,5304337718,563 Doe Crossing Street,BRFAD2245E
Miriam,Serrier,JvYZmP257t,1996-10-02,mserrierca@va.gov,6990247539,52611 Lakeland Avenue,KLUGU1332L
Tedra,Andrasch,2WNzpRhI,1991-06-15,tandraschcb@symantec.com,5906627317,5 Marcy Park,XGHBO1680I
Vic,Andrusyak,OgSQ1ucWh,2019-09-12,vandrusyakcc@dailymotion.com,1864203085,07 Sauthoff Parkway,ZAHJJ5947N
Kassandra,Tottman,lAX93TKSs6PW,2010-06-06,ktottmancd@umn.edu,5666660394,8147 Rusk Drive,NMGJO9815L
Juanita,Sloat,5AApqA7gnaEf,2007-10-12,jsloatce@artisteer.com,6119629262,18380 Portage Street,LPJHX3852V
Enrica,Grisley,YwcJOWxyl3,2019-01-01,egrisleycf@alexa.com,3683206340,31 Melvin Drive,MCGCZ8091Q
Etienne,Ulyet,4tCx3Jvp10w,1994-06-10,eulyetcg@canalblog.com,9146361187,0837 Anderson Lane,GMUCS9520U
Maximilian,Calderon,IKEdlZQ5K8K7,2020-11-24,mcalderonch@xing.com,2083800095,1 Hollow Ridge Road,IQTAK4021I
Sari,Gieraths,NSfKWbCTF,2020-03-23,sgierathsci@cbsnews.com,5131531201,2 Eagle Crest Plaza,LTYAG3806D
Iver,Bernhart,km7mg72Gv,2019-11-10,ibernhartcj@free.fr,6236046486,27 High Crossing Trail,JSLHS6519J
Madelon,Yalden,wha4p2yld,1994-12-07,myaldenck@shutterfly.com,160069183,7034 Fair Oaks Plaza,QKUHI4549K
Luci,Riping,zTOLFDI35zxV,1991-07-30,lripingcl@webmd.com,3040868440,383 Hoffman Center,VHIAJ5179U
Hermie,Hawse,dQlg5fMBfn3,2016-03-29,hhawsecm@ucoz.ru,993624102,87 Hanson Lane,SFPBI4878M
Wallis,Ivanuschka,jRvYWIlguiR,2012-09-03,wivanuschkacn@answers.com,9076431958,22133 Dunning Avenue,JFQCP1956S
Monti,Walenta,3b9qyxHOK,1997-11-03,mwalentaco@umich.edu,7212822614,69644 Esch Drive,ZZYPM6360V
Estrella,Scirman,5COxtlyv,1995-06-16,escirmancp@scientificamerican.com,4329508797,7 Randy Crossing,TNNLU3094U
Morena,Bosche,41w2T7CXGKOq,2010-12-13,mboschecq@youtu.be,9787250791,3 Memorial Crossing,CJXPZ8463G
Brianne,Camies,mkfUekQTDRRf,2005-12-16,bcamiescr@usatoday.com,1338381682,849 New Castle Pass,DWGGC6526B
Tania,Di Ruggero,381T6xZ,2000-11-05,tdiruggerocs@g.co,8830042490,708 Pennsylvania Avenue,XYEPT3162D
Abdel,Bollin,a5wy3Md4,1999-02-06,abollinct@zimbio.com,3437071624,41340 Tennessee Lane,ODVBZ6402G
Jarad,Startin,Dp3lktrR,2009-03-20,jstartincu@cargocollective.com,6964570018,749 Cottonwood Trail,RQJHT1302C
Marjie,Scoble,QJwk66Wwy8K,2010-03-08,mscoblecv@cargocollective.com,8865571143,81133 Thompson Way,DNPJB1589C
Emylee,Haddinton,JqCLsJc3vD,1996-03-24,ehaddintoncw@time.com,6971659304,090 Leroy Crossing,GVYAE7410Q
Sosanna,Norewood,kzmlMzo8Og,2008-01-19,snorewoodcx@1und1.de,713314649,39 1st Lane,CUKFT3141O
Antin,Howsam,TlLu9zN6u5E,2004-02-21,ahowsamcy@lulu.com,2050331534,31094 Granby Plaza,HOZBO3145A
Lorne,Bratten,3UjDp9f,2009-07-06,lbrattencz@livejournal.com,9786031361,9 Eagan Crossing,GEJLU1413P
Angelique,Barrow,2p4n7c6z2YK,2009-04-20,abarrowd0@unc.edu,1179615540,66 Tennessee Center,AYIFY8802N
Junette,Tanslie,c7cG9j34,2012-09-07,jtanslied1@slashdot.org,1178291836,4422 Holy Cross Parkway,CIPBY6690G
Edan,Dongate,daS0vo,2006-04-26,edongated2@bigcartel.com,6587131322,5849 Corben Place,DITTL4638Z
Drusi,de Clerq,DFaRgT,2014-08-14,ddeclerqd3@yolasite.com,4495456216,66 Westerfield Point,BDSGY5849M
Jada,Askell,ew4dPdW,1991-04-30,jaskelld4@phoca.cz,8747288945,3 Packers Alley,QMUFS9832C
Granger,Noe,HxFqFF4F7BI,1997-04-27,gnoed5@intel.com,7964120410,53061 Hooker Drive,VTUFA6182B
Guthrey,Skirvin,O4A6b9rb6,1997-09-08,gskirvind6@aol.com,549023756,0 Hauk Hill,VTKFS3100V
Spense,Biasi,31cw2SMjwXGx,2014-09-23,sbiasid7@msu.edu,2177118885,6901 5th Terrace,TTNJQ0649S
Raphaela,Dadge,WI6ocYh60,2000-01-09,rdadged8@theatlantic.com,5327704787,01 Shelley Alley,ZQEAK4897T
Mort,Alphege,ZGOiDy0q0Pdw,2018-11-26,malpheged9@blogtalkradio.com,9389457411,52 Kedzie Terrace,FJACB8239W
Jeff,Sayer,WTkrzD,2017-06-30,jsayerda@scientificamerican.com,403526056,5772 Lukken Lane,MPQHO1768O
Sascha,Gruszecki,RUGngj61Kl4,2002-09-15,sgruszeckidb@mail.ru,8310274346,80 Corscot Crossing,VKYCO8556C
Rosaleen,Jereatt,ZksHck9xvd,2012-06-18,rjereattdc@cdc.gov,1798070446,9 Leroy Lane,FHSTW1260T
Foster,Gludor,P476BbYVxC,1997-04-16,fgludordd@usgs.gov,6072828074,9577 Crownhardt Pass,TIKTC8687X
Port,Goundsy,Yz3xDYnYP,1994-10-10,pgoundsyde@ft.com,7367696411,74023 Becker Plaza,SDTJR7280Z
Dalila,Gready,2fx6DEOJUU,2003-12-16,dgreadydf@hibu.com,5560513141,747 Dexter Street,NUFFH6580M
Marilin,Mallatratt,aVEaGPnrOKr,2013-06-15,mmallatrattdg@apple.com,7490104518,5985 Summit Center,OBXAP3733Q
Bettina,Diter,SXRzF3VTQA,2016-02-05,bditerdh@creativecommons.org,6377901892,93971 Victoria Avenue,HMEPC7687T
Roda,Peare,yqAG5sPW,1995-10-25,rpearedi@nba.com,6042659974,3 Old Gate Street,RJMBK5780S
Quincy,Saladine,QkHNlMf,1994-12-07,qsaladinedj@boston.com,7624750298,3 Holy Cross Street,CMGGH4902K
Bernard,Joder,F4HITFa,1993-05-07,bjoderdk@unblog.fr,80072302,8424 Scoville Hill,XLNAM0370F
Chloe,Ream,KgQrYWQ,1994-04-04,creamdl@globo.com,4620175449,1 Holy Cross Street,XXPLZ5093F
Averell,Allawy,sksdjK5p,2022-02-11,aallawydm@icq.com,8747111570,39 Canary Pass,JHJAM8078E
Fawnia,Plet,lx2NdF8HY,2019-08-09,fpletdn@ask.com,9822774457,8914 Kedzie Park,ZOGHG5903P
Pepita,Witch,p2XQGhXr3,2000-04-03,pwitchdo@geocities.jp,4759515566,5 Pierstorff Parkway,CTWGQ9790I
Kristen,Wornum,g6vrHb5V,2011-02-14,kwornumdp@examiner.com,8890992002,79599 Katie Circle,IKWHS7185Z
Shirley,Durbann,vQUO7PKr2uZj,2016-12-12,sdurbanndq@salon.com,9574299916,0 Division Trail,PVNAD9078M
Donella,Blasio,5PZuCIP8mb,2010-05-05,dblasiodr@sphinn.com,3224204918,1839 Cottonwood Drive,PHKGM8319O
Cleavland,Tansey,6aySlDjPoCn,2007-11-21,ctanseyds@cnbc.com,7789583397,796 Old Gate Court,YRQCF5575B
Jonis,Bonus,FGa9qb3HcZgF,1995-12-03,jbonusdt@usgs.gov,9697112286,8 Fairfield Avenue,NNKHL9800S
Ania,Croot,VPhHg2J,2006-04-11,acrootdu@statcounter.com,8350537116,78 Bonner Lane,JWVJG5965A
Sena,De Mattia,JsJU666wAgG,2006-07-23,sdemattiadv@cyberchimps.com,8953311670,26 4th Parkway,HIBHS0355E
Cornelius,Ringham,24WWGwYSF,1993-01-30,cringhamdw@blog.com,330074067,592 Graceland Point,MIUCL2537V
Francklyn,Parramore,aLJYcEk,2017-05-02,fparramoredx@wiley.com,2671906876,102 Reindahl Pass,UBHHA0954V
Tamar,Cauthra,FJtqXMK4u,1995-11-06,tcauthrady@wp.com,1077565353,206 Del Mar Drive,VAZFD3132U
Danell,Wilacot,ZWjv29pZ,2013-03-26,dwilacotdz@tmall.com,4950443333,310 Fairview Road,PFSBA2366S
Kendra,Southcott,quZnAY5kz,2001-07-17,ksouthcotte0@cdc.gov,4791906401,49 Fremont Drive,JIGTN2207W
Mehetabel,Keningley,KzVRjZbH8dS,2000-04-18,mkeningleye1@wunderground.com,4467590077,7312 Oneill Place,NABTA5546Y
Jane,Aspy,RNHN5E118Go,1993-03-08,jaspye2@homestead.com,1501109900,5549 Pearson Lane,QYEHG8030N
Danya,Cornthwaite,Tv3I6XO,1999-05-08,dcornthwaitee3@joomla.org,8586594832,09 Old Gate Pass,LDZGY1019K
Gertrudis,Parkins,Di4B5jc1LF,2014-06-29,gparkinse4@hhs.gov,2374708602,9206 Florence Crossing,WMIFT5441F
Normie,Sirkett,0CmpdFuquPo,1998-08-20,nsirkette5@wiley.com,6634687208,8 Wayridge Crossing,VVAFU9639R
Faith,Charrett,Nm0t5Ms50anD,2004-05-21,fcharrette6@taobao.com,4135932585,5 Delladonna Center,YVHFE6989O
Abdel,Klehn,Y7HhDL0ch7Z,1995-11-21,aklehne7@gnu.org,3411443100,586 Grim Pass,MLOCX7019G
Lucias,Gauld,O6LhaAv2A,2022-01-29,lgaulde8@webnode.com,7210312693,22 Hooker Street,GAUAI4328N
Andrea,Hoogendorp,Eq1Hru3OWX,2005-04-17,ahoogendorpe9@engadget.com,1645919975,0 Johnson Circle,DGZFN2033W
Rodney,Bust,WgUQIwisn,2007-04-02,rbustea@hostgator.com,9955981393,20 Dunning Avenue,EFVBV2716O
Steffen,Snowden,OwDECBS,1996-08-24,ssnowdeneb@tinyurl.com,4489226488,169 Onsgard Lane,SQDPR9083X
Jordain,Minichi,8awMWe2,2001-01-07,jminichiec@boston.com,977506977,2901 Lakewood Park,FPKLH7180E
Fabien,Caddick,GQvJSy4PlU,2018-02-04,fcaddicked@va.gov,4307354176,3005 Roxbury Parkway,NUULG3019T
Elnore,Spurrior,NPvYhvgESBc,1990-12-25,espurrioree@earthlink.net,9629638164,40 Brown Drive,ZKWPQ4137V
Philip,Paterson,sCjOXT,2008-01-29,ppatersonef@dailymotion.com,2437539567,692 Michigan Point,SAOGF9361U
Mary,Spearett,t9YEQXrvFO,1997-03-11,mspearetteg@furl.net,1762890188,064 Orin Junction,WWTFQ0263C
Annalise,Townsend,NBwlXf,2007-11-10,atownsendeh@mashable.com,223880497,14 Del Sol Drive,PVHAK7040H
Kerwinn,Murrells,Utxvrfinrs,2003-03-24,kmurrellsei@un.org,5025853198,5486 Kings Crossing,OWTBC5041Q
Nadine,Wennam,BYg2ipehY,1996-02-26,nwennamej@state.tx.us,7363140582,6 Fremont Alley,UUHCR9401O
Nester,Kubiczek,U3v9Zs3EbDD,2020-07-08,nkubiczekek@sun.com,1864891644,779 Ohio Center,PSCPQ1180P
Cariotta,Rasher,obO4Jxy,1999-02-07,crasherel@mayoclinic.com,1667324758,60 Lighthouse Bay Park,RDTJB1714W
Calypso,Lapre,NgW2Wi,2008-07-24,clapreem@tinypic.com,9686640448,80916 Nevada Center,SLGFS3427Z
Keelby,Dalligan,49zaMPufF,2018-11-06,kdalliganen@prlog.org,6744125527,2 Pleasure Center,LWLCQ3182J
Dara,Bamlet,INFq0f,2017-06-20,dbamleteo@indiegogo.com,5098721654,49 Dorton Trail,JZJAG3906B
Othello,Carlow,mCxl8Hky,2014-07-09,ocarlowep@wordpress.com,7452737313,87 Longview Trail,IPTPM0960M
Amalia,O'Dea,o6OIMP,2012-09-07,aodeaeq@cnet.com,4452489038,1139 Sloan Plaza,XZIPC9516H
Sigrid,Bengal,mz9DIezl,2020-01-17,sbengaler@dion.ne.jp,6041805459,70 Village Green Street,OTUFB7915K
Frayda,Calken,sDAkA7rt,2016-07-23,fcalkenes@google.nl,7021571468,3173 Lillian Place,EUQPE1351M
Starla,Edgeson,ZnIt2ymIC,2017-04-30,sedgesonet@google.co.uk,2523173126,358 Lindbergh Trail,KNFAK4867H
Lela,Casetti,3pb4N4Th,1993-12-11,lcasettieu@netscape.com,2806187988,27 Duke Point,WXUTZ6638B
Anstice,Hobben,AkPUGNYwG1S,2006-01-01,ahobbenev@soup.io,5172168649,621 7th Avenue,WURHS0323L
Elisha,Toffoloni,yMzqKMH0TwpI,2002-06-16,etoffoloniew@networkadvertising.org,5962127183,1927 Merry Park,QJEJD7951A
Fonsie,Blackledge,WKtZYxM9q,2010-03-17,fblackledgeex@networkadvertising.org,5989903164,58397 Golf Course Road,JVLHH2152S
Dougy,Niese,AGniQtjYjf,2000-02-12,dnieseey@xrea.com,5501059135,8621 8th Circle,LXMGU0127K
Kinsley,Shrimpton,hFoW88,2018-12-20,kshrimptonez@altervista.org,5502545861,4 School Court,ZCQCT0197P
Ricki,Wetwood,e8lD6uSLBAH,1992-07-28,rwetwoodf0@va.gov,7042654954,9 Elmside Alley,OYDFR4687L
Izzy,Taylour,mKFYqdAd,1999-11-10,itaylourf1@plala.or.jp,1982140951,48811 Cascade Road,TMTFP5897S
Birk,Lipman,yH47dKV,2015-09-06,blipmanf2@exblog.jp,833823744,291 Lighthouse Bay Junction,CRKGF7193Z
Effie,Rowth,Jr0m1G6HymV,2009-07-19,erowthf3@prlog.org,3894828107,64137 Lawn Center,ZCQAQ3954U
Udell,Hebburn,1r3lmj5EB0jd,1993-08-05,uhebburnf4@sbwire.com,6974471036,4 Prentice Lane,ZYHFS6319A
Benjamin,Biggs,m2CQ2ivu8G,2004-09-23,bbiggsf5@lulu.com,7445967992,94547 La Follette Pass,EHHFW6680W
Cathrine,Jaycocks,l3tWnG4Yobm,1999-04-24,cjaycocksf6@studiopress.com,9912726131,7 Sauthoff Lane,TPJBD7717T
Minnaminnie,Boole,4bIA2YZe,2018-03-20,mboolef7@cafepress.com,6126391758,3737 Tomscot Plaza,KOQHK3297Y
Harald,Elbourn,7eEukJ,2003-11-04,helbournf8@buzzfeed.com,9183424066,09 Jenifer Parkway,DMPHZ9347E
Husain,Lightman,QFoQGGr00F,2015-03-16,hlightmanf9@patch.com,7019984275,17219 Meadow Ridge Point,NIZHC8294P
Staci,Fahrenbacher,Py7co4Ym1,2017-05-05,sfahrenbacherfa@aol.com,3265700079,054 Sage Crossing,IFWBJ7957C
Patrizius,Frazer,sicGPH,2021-12-22,pfrazerfb@netlog.com,5496233716,590 Esker Lane,QRILC0053L
Lenora,Mucklow,sbRSUp0U,1996-04-10,lmucklowfc@noaa.gov,9883453017,6 Canary Way,DBEPC5739P
Karen,Allcroft,TaH9L6K,1995-02-20,kallcroftfd@parallels.com,756271511,6 Coleman Terrace,NKNLC3154Y
Pamelina,Whittenbury,x2OLMMZRsoa,2015-02-04,pwhittenburyfe@skyrock.com,9807304148,009 4th Pass,YAACZ9157M
Koren,Yewdall,lpcFmpM,2004-01-10,kyewdallff@unicef.org,5273338385,25 Cottonwood Park,FHFBT8742H
Odille,Jenman,ZQeInO,2003-01-28,ojenmanfg@51.la,4734117834,2930 Harbort Court,QQQHU8986E
Goober,Coombe,IYWKIfcXvNwR,2015-09-28,gcoombefh@dailymail.co.uk,8715265929,1180 Truax Street,JHTFD4506C
Lynette,Brahms,MDtV2wfc8Ga,2003-04-14,lbrahmsfi@sun.com,9829136709,992 Mallard Hill,TLYCZ0905E
Cindi,Djurkovic,eEuFwtK0UZYV,2004-02-19,cdjurkovicfj@cnbc.com,2086030176,03177 Elmside Crossing,IDTGM5449O
Denni,Akam,DcrK8760ul,2019-06-19,dakamfk@indiegogo.com,1261452664,35489 Corscot Circle,DIZAQ8991B
Daphene,Wardington,sMiFyzNt,1997-03-23,dwardingtonfl@marketwatch.com,9608125719,87 Oneill Pass,PKXLX6628Y
Penni,Lucian,KySHrpkOD,2001-06-26,plucianfm@issuu.com,7928908250,416 Talisman Junction,AJSBZ0111T
Sergei,Pamphilon,7jeRVrl8,2007-02-27,spamphilonfn@guardian.co.uk,645773815,4 Bayside Point,KTVFX3168J
Bartholemy,Daly,iMiPFbGanxT,2010-02-03,bdalyfo@over-blog.com,4222269185,33 Hansons Circle,GGTLI7943R
Layton,Kieran,xnky1mbmT,2018-11-10,lkieranfp@taobao.com,4861964268,83852 Jenna Street,DRFHA8369G
Eba,Kite,oEMFJYd,1992-07-18,ekitefq@ycombinator.com,8130479278,86014 Laurel Crossing,XKSTI9396Z
Rafaelita,Pawlaczyk,S5o7Hd4,2011-08-26,rpawlaczykfr@ed.gov,1143458145,81238 Lillian Drive,OCCAV1421C
Goldi,Bedwell,N2hv9Tu,2006-03-09,gbedwellfs@ameblo.jp,1662669372,4 Washington Lane,GNGGS6444P
Osborn,Cullinan,BTrYAK1,1993-12-22,ocullinanft@reverbnation.com,8817878658,10092 Sutherland Court,AZQLG2549R
Vivia,Triner,R5Oh0ybN9eZ,1990-11-16,vtrinerfu@google.cn,8613376555,6 Farragut Park,XJRFH1169O
Rhonda,Cranna,2gQZl62qxm,2002-06-10,rcrannafv@discovery.com,4948881357,3 Waxwing Pass,RKZTH3869E
Constantino,Charon,S34yMPH,1995-01-03,ccharonfw@indiatimes.com,6965174249,719 Riverside Street,DFMGF7658G
Bab,Goadbie,X7T0IJDC707G,2015-05-22,bgoadbiefx@people.com.cn,1701635599,9 Leroy Place,OJDFH8582H
Guillaume,Robbins,SCJpa9,2015-01-20,grobbinsfy@google.co.uk,5748202890,00 Rusk Way,GWAGI8958K
Janeczka,Vaisey,LXBs1r7S,1995-06-07,jvaiseyfz@fotki.com,6133387896,8711 Jenifer Street,PESAL3315A
Yasmin,Colling,6q91NP0zTT3,2008-12-06,ycollingg0@yellowpages.com,8291324652,31918 Nevada Junction,STVJU8584V
Van,Lande,CeWJlZN0v,2008-08-15,vlandeg1@oaic.gov.au,5438199479,2710 Service Road,PZJHD2589K
Rudolf,Killoran,CvK7LCH0,2013-04-27,rkillorang2@about.me,6998299111,3331 Garrison Park,QYZHK0776E
Letisha,Hupe,yUZmvW,2016-12-14,lhupeg3@ovh.net,3612324756,2 Maryland Plaza,EBUBA5431W
Jakob,Hallum,SK6tMUbaEct7,2013-03-15,jhallumg4@miibeian.gov.cn,4170802468,191 Sommers Crossing,FKSHS0362J
Storm,Sirr,4LOcvoxrtuAh,1998-10-09,ssirrg5@un.org,9851570737,70695 Truax Hill,BAHBC2651K
Michaeline,Hallstone,sO7Nbq,2009-09-06,mhallstoneg6@icio.us,5229246004,37447 Boyd Point,CSFTK7838A
Clea,Halbord,iFd27KhvF,1999-12-08,chalbordg7@vinaora.com,5430694217,59 Lakewood Pass,JTMFU3960F
Dena,De Pietri,AcQXyQ6eTr,1999-11-01,ddepietrig8@washingtonpost.com,8394468007,3526 Lunder Place,KZAHZ2473B
Cristabel,MacTeggart,oDJHdCG,2015-03-09,cmacteggartg9@multiply.com,1340020784,5540 Pennsylvania Center,EQSCT0670Q
Demetri,Scamerden,RcmSalYv,2010-05-15,dscamerdenga@google.com.hk,732963140,83 Ohio Terrace,PNLJF5958J
Tyne,Vicar,E79sdg,2001-01-19,tvicargb@skyrock.com,5224767604,49009 Mendota Way,MYFHQ8263V
Bride,Gilding,DAdeRkPrs,2020-05-05,bgildinggc@amazonaws.com,1244652638,638 High Crossing Crossing,BZLGM0026X
Nicoli,Dayce,MMvHFcQ,1991-12-08,ndaycegd@vistaprint.com,4354664546,02 Village Green Avenue,JAJTX5887Q
Pattie,Cicerone,NBRBm3G9k,1998-07-13,pciceronege@nytimes.com,2144884801,5 Dorton Court,QTFLR5557H
Kerri,Axston,x9WLtBWe60,1991-07-08,kaxstongf@blogspot.com,7475327829,0 Spohn Place,ZHGAT9137D
Mike,Grealy,r3iYSc,2011-09-28,mgrealygg@google.com,9327980401,96941 Schmedeman Crossing,IUFCE7561J
Boothe,Johnstone,Q20SRybip,2019-04-30,bjohnstonegh@hexun.com,7114078337,4723 Lakeland Plaza,CVNGV7938Z
Jobina,Seabright,emlXeh9NyP,2019-02-01,jseabrightgi@salon.com,7478770650,0 Rutledge Way,EZAFF9737U
Zola,Kimble,1IzYCljSSg,1998-11-25,zkimblegj@bravesites.com,1231736780,974 Melby Center,ZEIFT8653Q
Clarke,Giacomazzo,N453viP,2010-10-21,cgiacomazzogk@amazon.co.jp,1514288672,8 Reinke Terrace,YKUPT0757A
Fraser,Breen,NEotNTCsqp,2009-12-09,fbreengl@bloomberg.com,3696887847,6956 Trailsway Place,OTQLY2695U
Timmie,Winscomb,EYiO8A11zsB,2004-07-16,twinscombgm@quantcast.com,7695800563,28268 Lake View Avenue,FWGAY9598S
Udale,Prestidge,KKNLrs,2005-05-21,uprestidgegn@ted.com,6136335325,52 Comanche Street,FYKFO0270B
Garrick,Le Floch,4FaTECre,2002-07-13,gleflochgo@ed.gov,1598988075,4067 Fairfield Parkway,GXPBT6875Q
Parsifal,Premble,1CJB9c,2020-07-14,ppremblegp@princeton.edu,6258893411,501 Claremont Hill,JKRAX6546D
Guglielmo,Surby,QKiTmHoS,2017-01-06,gsurbygq@scientificamerican.com,453799251,7643 Heffernan Park,XKHBC7136S
Sada,Tartt,sDewrURut9ti,2006-10-29,starttgr@wikipedia.org,5526156117,3599 Jackson Crossing,NYYTV2417F
Jephthah,Illingworth,98biC9qlFgY,2000-04-17,jillingworthgs@friendfeed.com,837360756,8 Ronald Regan Hill,UXNAC9695J
Agnola,Ridd,qpxEdaN6,2011-07-15,ariddgt@who.int,4316373219,81767 Holy Cross Hill,VGSPZ6707C
Babs,Kondratyuk,JRiXpaX,1997-08-18,bkondratyukgu@oaic.gov.au,1732058516,74879 Saint Paul Place,KYPFH0182Z
Bennie,Chomiszewski,casvRyPK,1994-04-13,bchomiszewskigv@studiopress.com,2608990115,98958 Melody Park,SCWHS2863E
Nolly,Waterfall,zzQvQvvkJaoP,2021-12-14,nwaterfallgw@mac.com,885411342,472 Larry Parkway,DMVCB8512D
Olimpia,Pietri,i9yeAOcQRMN,1996-11-21,opietrigx@mozilla.org,7153495457,8941 Westridge Point,OAXGB9834U
Valerie,Sandels,eSRM44z4T,2016-07-07,vsandelsgy@arizona.edu,3326464848,3084 Karstens Terrace,CQXJY8115O
Leonardo,Peinke,ZZOx06F,2005-03-03,lpeinkegz@statcounter.com,5877119961,8 Merry Place,PCJBD7107G
Bartel,Hanwright,XlBY19,2002-11-12,bhanwrighth0@harvard.edu,6042857438,5982 Dapin Pass,AQBGZ2491H
Jeniffer,Welband,ytVfRt,1994-09-10,jwelbandh1@hibu.com,6446962032,32 Pankratz Crossing,PAUCU9910J
Brendis,Beloe,kb3eZNqj,2014-10-18,bbeloeh2@usda.gov,8564340064,7797 Luster Hill,WVMFK9023Q
Agustin,Jaggard,2kj3Ct0g7Ep,1990-07-15,ajaggardh3@ihg.com,3673976939,847 Daystar Alley,CZMCR1209N
Denna,Easter,kP2JrDFRnAo,2013-08-01,deasterh4@google.cn,5210908532,588 Grover Plaza,OQUFH2593R
Kristi,Beelby,WRpKexhnMY,2004-12-01,kbeelbyh5@feedburner.com,4368441637,527 Alpine Road,NJEPT4763M
Olympie,Jerdein,PPdDsIiP,1998-07-17,ojerdeinh6@telegraph.co.uk,5187801070,4 Rusk Avenue,LXKCJ5328L
Ethyl,Corsar,GFSDDOP,2016-10-21,ecorsarh7@dailymotion.com,8138977422,4339 Packers Court,ESMAC5261H
Lindi,Lacasa,6g5FOHMmAsh,1999-04-29,llacasah8@army.mil,1714429768,5842 Dorton Alley,JNGJL7827R
Sunny,Dolling,5hmdLAis9HkC,1999-03-19,sdollingh9@e-recht24.de,6851133382,695 Glacier Hill Road,MYATT4255L
Gussi,Laker,jEHEMGON8f,1996-04-07,glakerha@msu.edu,9168254859,97528 Valley Edge Crossing,PINPR9222R
Augie,Binton,LTTqY4RwvX,1995-12-04,abintonhb@devhub.com,1661905582,65 Memorial Trail,EGRGY2315B
Lorraine,Gonnely,an0opw6as,1991-03-25,lgonnelyhc@ow.ly,1905525016,0965 American Junction,UWLJS3812J
Jarrod,Proven,7UdOWIZk3Jn,2021-01-27,jprovenhd@ocn.ne.jp,5830810067,290 Arapahoe Way,DUCFS7793K
Cami,Wylie,NiL2oTP,2006-03-20,cwyliehe@studiopress.com,8420161760,12839 Sachs Lane,CVGFX1683X
Ignace,Rappport,D7evizOmmH7,1999-06-29,irappporthf@slideshare.net,9198582355,4 Randy Court,ZLUTR1856R
Willem,Sprowle,3PudCD,2013-06-22,wsprowlehg@nbcnews.com,5376871920,012 Dixon Junction,EYNFJ2668L
Mufi,Pasek,uwaelY6E,2012-08-28,mpasekhh@typepad.com,2739522668,35 Bartillon Alley,WRSGY2638J
Janenna,Eveque,eaPgM8DI,2010-03-20,jevequehi@nsw.gov.au,1450441417,5579 Lighthouse Bay Road,EQHGC3322I
Marji,Savory,hv0FLqrE,1998-11-09,msavoryhj@deliciousdays.com,2040236759,255 Namekagon Drive,UIBBS1806T
Jilli,Barok,AY211UdGufhP,2003-02-27,jbarokhk@nifty.com,822522022,0452 Steensland Pass,IYVAE5466V
Nikos,Kenwin,CyeixkZG,2006-07-22,nkenwinhl@kickstarter.com,5641946800,2 Tomscot Center,FKTHO1302A
Birgitta,Darridon,1SevZrHMydA,1996-03-17,bdarridonhm@bizjournals.com,8550830974,7492 Hallows Place,OGBJY8020X
Hetty,Overton,OryU7DmCn,2017-11-07,hovertonhn@meetup.com,5734224943,29876 Dunning Center,LSQCA8007J
Sissie,Gipp,Nv3wDX,2004-02-10,sgippho@list-manage.com,979427748,2492 Clyde Gallagher Plaza,FRIAQ6305U
Jeanelle,Haggie,f7u3etxohxa5,2007-11-10,jhaggiehp@elegantthemes.com,6801865435,3 Buell Plaza,HRLTI1766E
Julie,Hassewell,o51lhGaVfAbJ,2017-04-24,jhassewellhq@bravesites.com,6562253338,9170 Marquette Road,ETFFR3162X
Tami,Menguy,rJGP2PsUv,2009-08-22,tmenguyhr@unblog.fr,8916611369,36 Kedzie Way,TAXAO5136V
Annabela,Schaben,utzXYuK60N,2020-05-05,aschabenhs@gravatar.com,6901655608,14 Crowley Point,ZCCAZ9058T
Bay,Lohering,BEAPNwqHpNUd,2000-01-01,bloheringht@mlb.com,1380049952,5 Comanche Street,EHTFN8449G
Ethelind,Sikora,YxkdMgO0WwJU,2005-01-17,esikorahu@oaic.gov.au,6379103884,68396 Maryland Park,HOPCU6098H
Patrizia,Desquesnes,izxbggI,1995-05-07,pdesquesneshv@photobucket.com,2707997806,47988 Summer Ridge Hill,KORBJ6165C
Neddie,Peach,S6MpJvb,2007-12-30,npeachhw@webmd.com,2652430365,356 Bartelt Crossing,XIEFF9422H
Naomi,Ringsell,ancLAV5K7Qgv,1993-06-18,nringsellhx@drupal.org,2389752947,48 Park Meadow Circle,PTVCD6906W
Verena,Udell,RkUezTaRyxy,1996-11-20,vudellhy@liveinternet.ru,1060602297,18472 American Point,XUWFF0265I
Saxon,Josskowitz,3GvpB7G5d00g,2020-06-17,sjosskowitzhz@gnu.org,8186079412,96 Starling Alley,JABAN6385M
Lefty,Hoggetts,Ssuf6OjKa,2022-01-05,lhoggettsi0@lulu.com,683010323,157 Granby Road,RVDFT9893D
Pascale,Ambage,cc1XbfWl8,2011-02-21,pambagei1@prnewswire.com,148388692,3 Portage Junction,UEHLD2127N
Karlen,Pearn,lYhFpibc,2003-02-28,kpearni2@xrea.com,8318794811,6 Truax Point,GBNFO3967O
Bruis,Fevier,VZPYMTpSt8,2021-11-30,bfevieri3@yahoo.co.jp,6529107710,096 Graceland Circle,CUHAM4206G
Marieann,Hordell,zmlpyFKDZITm,1990-12-27,mhordelli4@telegraph.co.uk,7125049298,25 Colorado Hill,WCQCN8622N
Michelina,Astlet,cJRNj23J,1994-10-04,mastleti5@yellowpages.com,5755588106,88076 Logan Court,PGXCH2424V
Dionis,Ravenscroft,1y5I4iS9,1994-07-16,dravenscrofti6@nba.com,5402963512,764 Jenifer Terrace,FOOLB4392L
Dagmar,Peetermann,CfW2YuRLsXiN,1993-08-05,dpeetermanni7@dmoz.org,1437998135,98285 Quincy Lane,RWVGG7773T
Glendon,Greenhouse,p185860V13W,2015-01-24,ggreenhousei8@sakura.ne.jp,6877895050,17 Meadow Valley Hill,NMVCE1686X
Prudence,Riddler,wjFyrDs,1993-09-06,priddleri9@samsung.com,9763084819,19 Rieder Court,CNAFK1021F
Hyacinth,Komorowski,94TqQXbBecaO,1990-09-21,hkomorowskiia@alibaba.com,8495556257,9 Roxbury Point,JQCFB8221V
Barb,Birkwood,3ZGaeMJd3,2021-11-22,bbirkwoodib@eventbrite.com,8806705946,843 Melody Crossing,QITAT4014J
Nedi,Ollie,GhbqSdwV,2005-09-28,nollieic@amazon.co.uk,6210606923,89056 Hooker Road,AFUPM2304K
Maryanne,Caig,d0CAdzaIwt,2010-11-28,mcaigid@tuttocitta.it,6225868199,18 Mallard Trail,SRHHZ4696A
Dolli,Rantoull,40Jd5zWN,1994-09-30,drantoullie@devhub.com,7892332666,79 Thompson Plaza,AGFGL3227J
Janos,Gooderham,HYl0pfQYmx,2005-02-01,jgooderhamif@ustream.tv,1544030832,4261 Petterle Lane,XGKCO8664W
Delano,Leyban,5jD43WZe,1992-10-14,dleybanig@guardian.co.uk,920434666,08 Sage Parkway,OJTTG0407M
Berkie,Blasl,8qBs3R,2007-12-07,bblaslih@geocities.com,2523013959,0930 Farmco Way,RTEHF6501E
Rowe,Belchamber,gOxw6X7J5,1995-01-07,rbelchamberii@jiathis.com,6016990942,8638 Reinke Lane,GQBTU4951Q
Nonnah,Dominik,rHqqPCyXlt,2013-03-04,ndominikij@e-recht24.de,824379501,8 Northridge Center,QGBJX7111F
Brit,Mantram,ZX8t9pL,2005-12-04,bmantramik@amazon.com,9928825337,187 Browning Crossing,ABVGA4002O
Washington,Loveless,t2Q588WZY,1992-12-01,wlovelessil@kickstarter.com,6285078713,34406 Upham Road,KNGFO3878I
Trace,Keating,nD1w9oX22i0,2010-01-24,tkeatingim@state.tx.us,2736626383,02234 Algoma Road,TZOFX2964G
Gonzales,Moscrop,9voOHoM,2007-03-30,gmoscropin@plala.or.jp,8346274145,6221 Susan Parkway,DKEBY0985A
Ariela,Treven,VHL61eML,2009-03-07,atrevenio@cnbc.com,8855563743,50 Pearson Hill,QEJHN2225G
Wanda,Neasham,lHJ4OoH,2017-12-20,wneashamip@mlb.com,2792756966,326 John Wall Lane,RIBHS4859B
Wayland,Ough,XHzMThDXpS3K,1998-08-25,woughiq@usnews.com,3325230832,59 Mallard Lane,ZNQPV1829D
Cleveland,Toffel,YqmTG1UC8sN,1999-01-23,ctoffelir@ucoz.com,7784897309,65 Declaration Trail,XYRAC5086B
Philis,Atling,DsvUOvR,1997-12-09,patlingis@reddit.com,9728261450,8294 Pine View Road,WDHLV5525N
Meredeth,Thow,9LJlxTdoOtj,2010-04-21,mthowit@weather.com,47059883,7317 Monterey Parkway,IQDTG0013B
Schuyler,Scanterbury,PYGe00i,2005-04-03,sscanterburyiu@godaddy.com,8730546154,07 Trailsway Place,YODLY4129I
Cathrine,Syred,6S771nDR,2019-06-27,csyrediv@aol.com,8520699201,2 Mendota Lane,LTBFT3911T
Breena,Serjeantson,AFPAI1xyHEiD,1992-04-04,bserjeantsoniw@twitter.com,9034361172,2038 International Pass,COXHU8339K
Karlens,Hesse,24yOTVu,2021-12-28,khesseix@vimeo.com,5827373375,701 Forster Hill,WYLHV0204Z
Carlina,Sallowaye,e33UFSCFH,2012-01-01,csallowayeiy@ezinearticles.com,5534502430,8 Browning Court,XWKBU5206S
Friedrick,Briar,7AFlqVnxr4,2018-05-16,fbriariz@un.org,2084906458,3 1st Alley,MEHFE0026O
Zaccaria,Dick,A9QTJrEIl,1996-01-17,zdickj0@cam.ac.uk,3736961680,50193 Oriole Road,IOQBF0630M
Sophia,Benka,X5ANEZ,1991-06-29,sbenkaj1@trellian.com,7735540612,803 Mcguire Terrace,MFLJI1920D
Olga,Yuryichev,LkkeFZF1g1iJ,2020-11-21,oyuryichevj2@disqus.com,2178917360,17521 Crest Line Way,VGSBE2688Q
Inna,Widocks,QGExJ2bIGx6T,1993-08-03,iwidocksj3@wunderground.com,9094646416,84173 Holmberg Center,TSNJG0253J
Lizbeth,Cattell,BlFQtEo7mdp5,1992-02-18,lcattellj4@dell.com,8494653039,7 Hallows Way,GGOGY3766I
Cozmo,Milington,7inB2s,2019-11-22,cmilingtonj5@skyrock.com,6009925696,93094 Browning Drive,XFXLV5154Q
Katinka,Lukacs,haEgYNzO,2001-01-04,klukacsj6@4shared.com,7984402886,93 Victoria Center,YNCGB8511H
Sioux,Narup,Kzo43T3,2021-10-01,snarupj7@youtu.be,6493598332,80611 Pennsylvania Lane,PVAPB3617M
Camilla,Wartonby,NmyBuf,2021-08-19,cwartonbyj8@slate.com,497470355,2823 Walton Drive,WILCS5103D
Vincent,Feldharker,kwgt6qk1,2013-04-21,vfeldharkerj9@amazonaws.com,1609527306,2 Boyd Hill,XXWFN0703E
Brian,Bunhill,3nmDQd,2010-09-25,bbunhillja@dagondesign.com,3376640577,081 Trailsway Alley,PGEGM8971E
Mariele,Brockett,kJUYtg,1990-12-29,mbrockettjb@eepurl.com,1637358123,7 Gerald Street,BSVCW8920N
Lizette,Drust,JU3r4JOYq,2020-09-18,ldrustjc@harvard.edu,1352747180,227 Kings Circle,GSRFB9252O
Mario,Scourgie,UtUofupqMc,1992-06-20,mscourgiejd@yolasite.com,4393332537,17768 Morrow Court,FZOBF7565U
Kristofer,Jephcott,xFuVAreDzS,2001-04-28,kjephcottje@google.com.br,9682146789,550 Roth Street,SMOPD9258W
Anders,Stedall,jy4x01ApaSw,2017-09-04,astedalljf@salon.com,8475503554,19 Eagan Court,UNPCM2968T
Tamqrah,Davidge,XWdDSq,2014-07-03,tdavidgejg@springer.com,8673212400,90925 Mccormick Trail,HCXHB4184F
Earlie,Brogden,uwdhvr8,1991-01-08,ebrogdenjh@weibo.com,4623205463,33332 Colorado Street,WMWLO3526U
Ginelle,Braune,uwLg4Sk,1998-02-14,gbrauneji@rakuten.co.jp,8292527792,56 Arkansas Way,GHYFC7551Y
Anne,Vaines,V7Sr5WUoiqF,2020-01-31,avainesjj@biblegateway.com,7053072396,65 Kingsford Lane,MBFPJ0220T
Chaunce,Armell,hzHKbKjg,1993-09-28,carmelljk@mlb.com,8030972916,01989 Novick Trail,YBLBP8591F
Caralie,Pawelec,rvmdRJnX8R0,1991-06-03,cpawelecjl@twitter.com,1971856714,346 Grayhawk Trail,SVYAD1982O
Rutger,Preskett,B1p7K2BQ,1997-08-08,rpreskettjm@java.com,3217415086,371 Bayside Center,XTWAC5649H
Elia,Geering,Tmai6a5jEA,2016-07-07,egeeringjn@craigslist.org,9305915734,6839 Milwaukee Way,OWIBD0107Q
Erika,Youell,xGovSS8,2006-06-09,eyouelljo@mtv.com,9898071296,01 Algoma Alley,IPKLY7333J
Adria,Scawton,o1NoZ5,2007-03-14,ascawtonjp@va.gov,7560696235,005 Ludington Pass,BXVPC0687P
Seka,Gutman,YSL4P1AU5,1990-06-01,sgutmanjq@creativecommons.org,9291133864,34264 Elgar Pass,PKBCR9138M
Bonita,Cund,YUSdAnm6ByMo,1995-01-07,bcundjr@360.cn,2561486479,85192 Bashford Lane,KLOBP7797X
Ted,Marshfield,SiCPNPWM,2010-06-22,tmarshfieldjs@sohu.com,2536165968,23 Lakewood Gardens Junction,UVCLM3863O
Babs,Milius,86r7BQgTw,2018-11-15,bmiliusjt@irs.gov,8543244640,4 4th Road,DZDHJ4016L
Star,Rapelli,ISsBPJaY,2019-01-02,srapelliju@flavors.me,3665551556,504 Hollow Ridge Trail,RPMTF4674A
Saleem,Yakhin,F8BJ2A8xgPj,2000-04-23,syakhinjv@blog.com,7698745894,02 Arkansas Court,PQXFZ0690N
Brewster,Chislett,sFMfta,2006-01-16,bchislettjw@studiopress.com,5542517099,04593 Loftsgordon Lane,OSVPU3060K
Gustave,Brymham,oTxkJq59x1jc,2017-01-12,gbrymhamjx@vk.com,3223494642,8 Old Shore Circle,CWUBE5263D
Corabelle,Levis,IYvRg1sNcb,2004-01-08,clevisjy@live.com,1631331905,37437 Chinook Pass,BHIFZ4171I
Connie,La Padula,6oelUN,2000-07-14,clapadulajz@live.com,3592000201,57628 Sundown Road,CBEGZ6088H
Gabie,Caldero,dOXz16w7g4,2000-12-02,gcalderok0@webeden.co.uk,5462096087,1 Hauk Plaza,VXDBU7816Q
Lou,Macklam,IsbFchk,1993-04-21,lmacklamk1@google.co.uk,4533247674,15 5th Trail,UROFK9161Y
Christal,Pragnall,FdGT5eY,2021-06-16,cpragnallk2@europa.eu,4271574471,925 Merrick Point,ENPGB6073V
Thurstan,Drohun,SQgDLj,2018-03-01,tdrohunk3@businessinsider.com,2498942058,9 Tony Road,GEQFN5097N
Thea,Pickance,uSStT61xL0bx,2012-04-05,tpickancek4@umn.edu,6725229273,8196 Hoard Parkway,UEZFC0351V
Haywood,Alger,MwuRPslXqMO,2012-11-02,halgerk5@biblegateway.com,9653007126,6312 Hanover Point,RQNAU2286P
Antonius,Collerd,WaZG0BtP,2010-04-14,acollerdk6@ehow.com,4650831562,4174 Luster Point,ZWRAN7483X
Wood,Goodfellow,9re2qN,1996-08-27,wgoodfellowk7@indiatimes.com,3791311522,985 Raven Pass,POLFY5894X
Catlaina,MacGaughey,eNVPjUOWlV,2016-04-19,cmacgaugheyk8@slate.com,3214198180,717 Nova Way,VRTFH2847A
Ev,Napoleon,GY1Yg10rNW9Q,1996-03-24,enapoleonk9@cbsnews.com,1764523909,071 Boyd Point,WBNBQ4369R
Nonah,Voase,uESJDYZSy2wP,2020-09-17,nvoaseka@tripadvisor.com,5312555415,00 Fisk Center,SMCCI9172Y
Bobby,Aaronsohn,nVzu4q4,2015-05-08,baaronsohnkb@123-reg.co.uk,9656949993,9 Namekagon Crossing,OVNBF0437M
Angus,Scoggans,n0ak5I28kt,2019-07-16,ascogganskc@sbwire.com,2938742768,27 Northridge Street,JATLA4008C
Lotti,Castenda,cgKu0vSc,1994-11-27,lcastendakd@gnu.org,7049589920,9697 Bartillon Terrace,IJQFQ2937I
Candida,Toulson,2GzhZeXuR53Y,1996-09-02,ctoulsonke@wired.com,1082049627,103 Stang Parkway,OQKPV9657C
Torrin,Godsafe,TaNiQx,2018-10-07,tgodsafekf@businesswire.com,5011552963,1 Rowland Crossing,AGMGN6216N
Elmore,Varndell,3jsQmwB2B,2019-02-12,evarndellkg@intel.com,2473880110,43 Sommers Park,GQZLA0163T
Ainslie,Ramey,mEbemPcWbB,2008-12-02,arameykh@buzzfeed.com,2915997743,852 Kipling Hill,TCLAO4976H
Allie,Spillett,VrnWmI5No,2000-04-23,aspillettki@squarespace.com,5352665689,48 Golf Course Junction,FPOLQ4618L
Sydel,Belt,si0stsdI9b4,2007-09-12,sbeltkj@sitemeter.com,8909664450,466 Heath Junction,VTYGO8852V
Cortney,Girodier,dgdHs5ULoO,1992-10-06,cgirodierkk@tamu.edu,7072189728,4616 Gateway Point,UJZFU2072A
Kalinda,Mussetti,LMShletZv2A1,2013-01-24,kmussettikl@tamu.edu,1844495530,92 Monument Pass,PYMGM8657W
Adriane,Rylett,jisezFqTcOB,2002-03-06,arylettkm@opera.com,6614710789,9253 Monument Parkway,FGVFS6429L
Kris,Leate,FdEM2oQv4aez,2016-02-05,kleatekn@webeden.co.uk,1955202621,96 Village Road,QTTFB5770Z
Adelheid,Dyhouse,WVbfhHH96c,2005-07-01,adyhouseko@tiny.cc,6149714178,9 Elmside Avenue,OTGHP0642B
Eldridge,Tissiman,N483Ux0c6,2017-03-12,etissimankp@cdc.gov,3139502764,317 Autumn Leaf Hill,FFFBS0782N
Joellen,Pledge,hMUqui7BVE,1997-09-05,jpledgekq@aboutads.info,8022638950,4 Corscot Way,CGWCP6015P
Marj,Stegers,KAip2IrPi1,1999-03-09,mstegerskr@blogtalkradio.com,6081582131,44 Montana Street,WBAPJ1826K
Jenica,Bercevelo,wVmQ4Vnaf,2014-02-05,jberceveloks@wix.com,9108250277,1927 Lakewood Gardens Way,VWQAN0632A
Howey,Harniman,8dc618bcb,1994-11-04,hharnimankt@de.vu,6573185355,26 Farragut Terrace,NKBBS4953O
Peterus,Lancley,oCLyDC,2004-10-18,plancleyku@prnewswire.com,698947872,746 Kennedy Alley,KWPGK4707R
Jaquenette,McDougald,bePSjjX,2013-10-26,jmcdougaldkv@slideshare.net,5069017641,874 American Ash Hill,DRDBJ9137S
Tasha,Dugald,orOUH0As,2003-03-10,tdugaldkw@yale.edu,6433031806,63 Milwaukee Junction,KLJBM0247T
Ruprecht,Winkett,zefTDNkFa,2002-02-24,rwinkettkx@hatena.ne.jp,7526027343,15304 Portage Point,ADGPD2907L
Judi,Bassil,kDmgXJ07D,2022-02-07,jbassilky@yale.edu,2927872712,93057 Morningstar Crossing,XXUPO0159S
Zahara,Harcarse,uM9qyDiX9y,1996-12-02,zharcarsekz@mit.edu,3264529907,315 Badeau Crossing,WSDJV7237W
Novelia,Burchess,QTTvbcozjU,2016-08-07,nburchessl0@webmd.com,4875105453,79061 Northland Pass,RLVLR5606O
Noe,Creavin,gX3I58KKYZ,2019-10-01,ncreavinl1@biglobe.ne.jp,76506012,3 Oakridge Trail,WQCFK5848Y
Kev,Bruck,9oe0Fu,1998-09-24,kbruckl2@yahoo.com,3432629264,689 Crownhardt Parkway,FTLFY7059A
Benedicto,Vaskin,mTjdJ1,1991-06-13,bvaskinl3@arstechnica.com,2467551944,0167 Hoepker Plaza,KYMPU9032H
Donnamarie,Jahner,8RHsbXCzA7ha,2008-06-01,djahnerl4@infoseek.co.jp,6426044586,15930 Pawling Place,OZSHW7737B
Michale,Coniam,bvgGRGl6,2004-01-21,mconiaml5@blogger.com,8890629876,471 Rutledge Trail,ULLBM8314W
Davey,Belderson,pKQnVg,1999-12-31,dbeldersonl6@dailymotion.com,496471711,341 Straubel Terrace,UWTTE4544H
Tabitha,Sausman,ISZkSXRnA,1991-10-19,tsausmanl7@unc.edu,6639404388,4073 Thackeray Road,SEVGN2495Z
Tommy,Jone,ocuozQj,1997-12-05,tjonel8@hc360.com,2608758957,8 Bluejay Hill,WKOFW7249K
Blinnie,Shapcote,7xAqPIarh,2011-01-01,bshapcotel9@apache.org,7912382706,6 Old Gate Crossing,OHHPT7220X
Ranice,Thresher,6sJJa7o,2009-10-30,rthresherla@printfriendly.com,1508111542,2 Quincy Road,XOPFI7889J
Stuart,Flook,z1bjR9ePgXtg,2017-01-24,sflooklb@wikimedia.org,8794107004,60777 Johnson Pass,ZSYGK6482B
Celine,Langer,dToUXn,2021-12-29,clangerlc@forbes.com,6521105385,1 Golden Leaf Street,BKUFW7692K
Cyrille,Greave,pKQ3Naa,2006-02-12,cgreaveld@wikipedia.org,7009509116,085 Cambridge Street,KEMGJ0186L
Liuka,Poxon,voHuhlgWY,2005-08-14,lpoxonle@wikimedia.org,1989615605,846 Blackbird Junction,OPSFT2121V
Wrennie,Moors,T1HJsl3hgjtT,2003-04-24,wmoorslf@mit.edu,7175069376,2 Arapahoe Drive,GCQGF1548U
Fair,Slark,RMFvuq3oXt,1997-01-07,fslarklg@tinyurl.com,1231915881,2501 Del Sol Junction,OBCBA3987I
Faunie,Pickrell,Tsse5hjCxmVY,1992-03-12,fpickrelllh@google.co.jp,5311828819,794 Buell Hill,PLOFX9266B
Gracia,Lovitt,yXa6VhK,1992-01-12,glovittli@merriam-webster.com,6008207552,2671 Longview Crossing,WIPHF9307C
Kalil,Rawlinson,zd5SH9cYeb5j,2014-07-14,krawlinsonlj@washington.edu,1963668262,0574 Clyde Gallagher Street,OCKBR6639A
Leila,Fideler,mfjpip,2022-01-16,lfidelerlk@cdc.gov,5743020853,0 Forest Way,FMFFQ3202H
Elyse,Canadas,9w8ehogcn,2010-05-18,ecanadasll@qq.com,6473815063,83493 Doe Crossing Crossing,WSNHT8479G
Ardis,Noulton,DYu0od8Kw0R,2013-03-11,anoultonlm@gizmodo.com,4705822062,7130 Rockefeller Trail,DOYPL4167T
Jemima,Diver,Uh6iEwaEwjGw,1993-01-16,jdiverln@spiegel.de,786065278,78197 Warbler Pass,QLWJU6380V
Ara,Pick,pDUWTQx8,2016-06-30,apicklo@plala.or.jp,9641809551,61 Anhalt Way,TKBBC8722Z
Muhammad,Sandall,NsQJMZIS1H,2009-06-29,msandalllp@apple.com,3088126957,59 Northview Road,VWWCW2757E
Doy,Insoll,lxWeJu9,1998-08-01,dinsolllq@topsy.com,8270205266,5200 Hauk Street,GIUCA6672W
Curtis,Banister,Avv4TP5GXUI8,2016-02-11,cbanisterlr@sun.com,444591273,3708 Spenser Court,OEMFS7482N
Bria,Scoon,qJ2FCnc54Y6Y,2015-04-25,bscoonls@home.pl,9181517288,63253 Tennessee Trail,UEZCZ6830S
Jarrad,Draysay,sIfzyKEadWW,2020-05-23,jdraysaylt@army.mil,7458670669,8 Waxwing Point,RLMPM7114H
Wakefield,O'Lennane,cYlMrrv,2016-06-21,wolennanelu@php.net,2400628441,20425 Dunning Hill,KVOBD8699K
Bartholomew,Tucknott,gePKpt,2012-08-03,btucknottlv@disqus.com,5752202596,2114 Gulseth Alley,YFGAR9718R
Wilbert,Fellgatt,bTMxveH5Huvo,2010-07-08,wfellgattlw@cornell.edu,616142607,343 Shelley Place,AHZBZ1236L
Linette,Kalinsky,MhKPztH,2006-06-12,lkalinskylx@ibm.com,2997438648,25 Arkansas Lane,OGEPF6295L
Fidel,Allain,GEVbLdvbT,2011-12-20,fallainly@bing.com,3387633268,31 Melvin Circle,VDPBV2236X
Gabriello,Purchase,7HLBGdcTCjGi,2010-11-21,gpurchaselz@dailymail.co.uk,3917485856,6 Northwestern Lane,RQAGA1096W
Reggie,Jay,Cojt2O,2000-02-29,rjaym0@buzzfeed.com,2102221303,702 Rigney Junction,JBQFZ5611V
Lina,Milier,8oYImfuCkrU,1992-07-19,lmilierm1@naver.com,6445375672,83 Gerald Parkway,CAHHR6397B
Cory,Emanuel,xZFAWSVbmp,1993-01-26,cemanuelm2@skype.com,3210871156,8 Hansons Way,AFRFK4951W
Phyllis,Corr,OyfbGmUYj,1996-07-26,pcorrm3@friendfeed.com,4200829112,0 Golf View Pass,CJILR2521K
Christyna,Toulch,9Fqg90Os61Ar,1998-06-17,ctoulchm4@digg.com,2787979616,9 Delladonna Terrace,FZTLB3901A
Lefty,Govinlock,szGhKg,1998-04-12,lgovinlockm5@globo.com,5166462401,858 Beilfuss Avenue,MLSTU2259L
Bar,Broady,G2cVW5KS9Q7H,2002-04-09,bbroadym6@icq.com,1130613775,93 East Drive,EHIJB7983R
Bidget,MacKain,mDQH3KD,2021-10-31,bmackainm7@cnbc.com,5296148033,71 Columbus Pass,QOOJG3720R
Vern,Camacke,aOz32wVVB,2014-10-09,vcamackem8@state.gov,491283844,3079 Kennedy Hill,DERGW2192R
Boonie,Ketchell,bCBRYCfA2y,1999-01-23,bketchellm9@moonfruit.com,8410987804,11 Oakridge Street,HIKFB9615M
Martyn,Freschini,8t3oGSYMQY,1999-08-25,mfreschinima@dot.gov,8764809772,500 Drewry Circle,JFVBX7730P
Jessie,Mccaull,R3N8EtO,2002-04-26,jmccaullmb@marketwatch.com,7610053292,35719 Oak Valley Center,BDUFI3136F
Ricki,McFetrich,8HURMSaWf,2007-08-23,rmcfetrichmc@hao123.com,2788914323,36175 Sunbrook Drive,OJNJU5054S
Marie,Spenceley,yT0L2JuV,2011-07-27,mspenceleymd@go.com,4828539729,0 Straubel Circle,CWRBH1879V
D'arcy,Shambrooke,aOzBPBTnkOg,2007-12-27,dshambrookeme@washington.edu,1396663879,044 Glendale Road,BPYCG3194E
Marrissa,Kingerby,TJKHu6r,2003-12-03,mkingerbymf@samsung.com,7083551199,51 Sutteridge Parkway,JLILN1927N
Elisa,Hessle,tg8LekBZrNmH,2014-11-10,ehesslemg@nps.gov,5578194684,88361 Maple Street,SRPGW7694A
Harbert,Drummond,DGIoWnBlfYU,2016-03-03,hdrummondmh@ftc.gov,4937208435,99938 Milwaukee Way,FUHTZ2155H
Morgan,Godwin,t61dEoXWVxnk,2021-07-08,mgodwinmi@icq.com,3582522156,0314 Spenser Court,RVHPE0250W
Rosana,Pawelec,ltbVEO,2019-12-13,rpawelecmj@homestead.com,9143896274,90958 Mesta Avenue,IDITZ5892T
Jacquette,Pinar,iNBg8iC,1993-09-27,jpinarmk@irs.gov,5073394449,9 Chive Plaza,PFDFI3965Y
Ailina,Brideau,oTrRdpt9Qi5v,2017-11-28,abrideauml@altervista.org,1827176759,216 Northfield Circle,AJMPH5834T
Felita,De Lasci,rQdYKeFzk,1991-01-01,fdelascimm@virginia.edu,3469929094,68 Rusk Park,TAZHN5401F
Mal,Realph,2ftxcx,2011-11-11,mrealphmn@fc2.com,1398213362,8424 Superior Lane,XWJCC7571K
Vale,Checkley,WmrZlK5Xzgiu,2021-12-29,vcheckleymo@merriam-webster.com,1622629574,55 Logan Park,QQDJU6664Q
Andriana,Bauckham,GeHfW6GNI,1990-04-24,abauckhammp@dell.com,1844334795,1 Truax Plaza,GVSFQ4812W
Doria,McAughtrie,bSnnD13slR,2000-02-11,dmcaughtriemq@illinois.edu,207312044,6 Ridge Oak Alley,DATJB6045X
Ashli,Dunthorne,tP031kEaTDn,1990-05-04,adunthornemr@weather.com,3897618047,6 Dwight Hill,FBSGS9069R
Engracia,Pleace,POqpyzxn,2002-09-30,epleacems@admin.ch,2073175387,37426 Kingsford Trail,HLDLK8221G
Freddi,Rown,aMGdFBTRiJ,2005-08-21,frownmt@ning.com,579474199,3 Northwestern Drive,KTUPO9430I
Michael,Munday,HQ0mr2Sr,2006-10-29,mmundaymu@comcast.net,3216776552,8961 Manufacturers Lane,LSIAN4014G
Jan,Ghilks,9Q7ZqRRER,1994-09-10,jghilksmv@mediafire.com,4122724762,69 Morningstar Drive,DTGJS2570Y
Margarette,Bassom,kjY6W9FBkN,1998-07-13,mbassommw@gravatar.com,6528881690,06496 Portage Alley,TOFGU1407T
Kiel,Hinksen,2RMJPbHLkNO,1997-01-08,khinksenmx@japanpost.jp,4650570807,65 Hoard Point,PZUPK7853H
Lyndsay,Bolliver,Wy0AWfBaEiV,2001-05-26,lbollivermy@devhub.com,3112774266,84 Derek Center,ZEBJM8952O
Norry,Burwood,pVAjehh4PXhC,2020-08-28,nburwoodmz@si.edu,9631347426,3 Steensland Road,WIWGV3748Q
Devonne,Mixture,FdrdSaJ,2018-02-12,dmixturen0@google.ru,2579631660,16861 Brentwood Terrace,JJJCQ1532L
Tandie,Grundwater,UVOIeY2ag6H,2018-08-26,tgrundwatern1@weather.com,6041686067,82 Helena Court,CGLHD2910L
Lorettalorna,Meiklem,dpbb5WWV8,2001-08-22,lmeiklemn2@msu.edu,2386768888,5834 Upham Pass,EDPLF6132X
Dav,McGaughay,119aIXGe7Wb,1997-03-01,dmcgaughayn3@wsj.com,5680498912,15 Merry Place,SLNHU2929U
Brewer,Bramstom,Sz9fBtvMX,2004-05-26,bbramstomn4@discuz.net,243313047,566 Colorado Point,MFXCG4132A
Flory,Birkwood,wgvE3mNnABM,2011-06-10,fbirkwoodn5@ucsd.edu,593519195,93022 Bay Street,ZDMFN0661I
Ward,Eddisford,s64t3ni,1997-04-25,weddisfordn6@spotify.com,4021795506,9 Judy Parkway,IXWFR6805B
Myriam,Sackey,3bh1pSRTIw,2005-06-03,msackeyn7@un.org,9067109545,1309 Loftsgordon Pass,UJBPW4207F
Diandra,Johanssen,sJyWWE1qC3q,2021-12-07,djohanssenn8@mlb.com,1101649488,62620 Hollow Ridge Plaza,DVIBV9792Z
April,Jersch,vIVqNgO920,2014-03-20,ajerschn9@jugem.jp,1176739216,8357 Michigan Hill,HXIJC0993L
Kelcey,Amsberger,NOp1yF,2021-03-30,kamsbergerna@gravatar.com,8427416562,612 Forest Dale Place,EARFF0505I
Edi,Meacher,PFwBxhv,1993-06-08,emeachernb@dailymail.co.uk,825275000,30779 1st Junction,WWRLI1167Z
Sadella,Orry,az2Frnjqe8Pg,2007-01-25,sorrync@thetimes.co.uk,2228056320,393 Colorado Drive,KUTFF9037O
Corene,Manger,FA6H1I,2020-08-19,cmangernd@reuters.com,2989685998,437 Burrows Alley,SGGHL3330G
Emmanuel,Yurukhin,iZS9iK8w,2012-04-07,eyurukhinne@prlog.org,7473291675,2258 Lerdahl Parkway,BMDBX7527Y
Oby,Surtees,hxnpX9FkG,1992-03-31,osurteesnf@answers.com,8787869939,62871 Truax Street,ENWLX5585R
Garland,Gherardelli,DQQp7i,2004-05-30,ggherardelling@bravesites.com,3218407816,6755 Wayridge Road,GZLAW2449W
Nikolas,Playle,cO0FtH,2001-05-04,nplaylenh@wp.com,5585808493,5 Clemons Drive,YRSCT2204P
Meredith,Patshull,pgvuqdNE,2016-06-28,mpatshullni@odnoklassniki.ru,4500455823,7542 Colorado Drive,CUBPN0079P
Bartolomeo,Somerset,vvrMgeJH,2017-01-23,bsomersetnj@sogou.com,4251163481,25 Nevada Lane,ZLOBF9241W
Hyman,Roadknight,pH80Au4lsQn,1999-02-12,hroadknightnk@google.it,7142995103,33 Corry Pass,PIOFA3022Z
Gaspar,Balk,pgMLJ18I,2007-04-26,gbalknl@imgur.com,9612657973,16 Nobel Trail,UOWFK6003G
Herschel,Fagence,mixrJnkBn5,2020-06-26,hfagencenm@twitpic.com,4471150201,796 Bultman Terrace,SHBPL7431P
Chip,Privost,3SBwnLDe,1991-07-07,cprivostnn@npr.org,4523796857,167 Jana Hill,PJOFY6005E
Dur,Glazier,vckrYxi,2015-06-23,dglazierno@topsy.com,6420611792,350 Heath Drive,UIJHR0178F
Warde,Choake,O96qDf,2007-01-30,wchoakenp@mac.com,6140263897,65880 Messerschmidt Parkway,NEBGR5722M
Elisabeth,Eggleton,k8M23IpXw,1996-09-18,eeggletonnq@blogger.com,9825184471,178 Weeping Birch Court,GOQJD1888D
Mab,Di Giacomettino,oybOJ55EiV,2007-11-04,mdigiacomettinonr@rediff.com,4905135075,4 Toban Way,YROHP5719G
Barton,Lummis,J9VNeBoIlCy,2003-05-17,blummisns@github.io,4330580730,694 Elgar Court,CFVFH6424R
Devora,Schimmang,pmtvCBIeEu,2005-08-28,dschimmangnt@oakley.com,877345433,156 Lotheville Trail,JVTHM0832P
Montgomery,Storrs,Nb5EFjOfHj,2017-01-15,mstorrsnu@facebook.com,3209693257,41547 Bayside Court,SIUCW0360X
Beverlie,MacGorman,OLFFqY,2018-11-29,bmacgormannv@guardian.co.uk,3686025168,4536 Westerfield Center,SLUFV1302H
Madelina,Willoughby,yNYb0MMnUgdw,2010-06-21,mwilloughbynw@techcrunch.com,6247897710,23 Summit Parkway,OTPFW1682F
Quincey,Le febre,EVW8UBYds,2006-06-14,qlefebrenx@geocities.com,1701727988,063 Rigney Trail,KPPFT4102A
Curr,Stowte,9wRqLjl0,2015-07-28,cstowteny@opera.com,213358591,72 Packers Terrace,EHMTW9422G
Filip,Edscer,AHi1qbYG5N,1999-06-18,fedscernz@ca.gov,5356046282,1 Westerfield Terrace,THQAY0492F
Rozelle,Capon,4YcUdyI,1991-10-21,rcapono0@mapquest.com,6654742783,8 Meadow Valley Trail,JFAHC2782R
Kyla,Keave,TJtjHCPtA,2005-08-24,kkeaveo1@bing.com,3600992353,188 Hintze Pass,JAEAL2149S
Yasmin,Caitlin,JaFLYTj75eb,2014-03-07,ycaitlino2@last.fm,3490845544,31149 Oak Street,MAWJC3994Q
Bard,Phillp,hHn48wQYfv,2012-10-25,bphillpo3@google.co.uk,7748199273,65482 Claremont Place,SSXBR1376T
Duky,Brittan,yIDNBJ,1990-11-03,dbrittano4@wunderground.com,9592264764,96 Aberg Road,PYUPM4627F
Janaya,Hanington,bxWPDWaKZxm,1991-11-15,jhaningtono5@so-net.ne.jp,4655756263,36 Sundown Pass,ZSKCX5303I
Udell,Scoles,JvzimBla,1997-12-29,uscoleso6@jigsy.com,1537026866,84244 Texas Junction,UGWBQ1311F
Darn,Ganforth,fMXhJRzuC7YU,1994-09-22,dganfortho7@house.gov,7576916221,7 Crest Line Parkway,SEQJE1912S
Rhoda,Gavaran,UTvAXg9Oayw9,1992-06-09,rgavarano8@issuu.com,9216280072,7 Chive Point,CANFS9331Q
Winnie,McLagain,XBkk1vJvBE1,1992-05-08,wmclagaino9@thetimes.co.uk,2699573465,1 Almo Crossing,MYTLS9626O
Shir,McCardle,R9Vu4w,2013-09-26,smccardleoa@time.com,7480700721,7178 Jenifer Drive,SZNFV4810U
Averill,Cartmail,KMT3e2oMe,1993-11-16,acartmailob@omniture.com,1058264642,90 Charing Cross Plaza,QTDLM5354V
Brendan,Kneafsey,NLpr7LodNgxP,2006-06-21,bkneafseyoc@pen.io,3408996074,4683 8th Road,SMNFX2914S
Jean,Perks,iSPA93pN3M,1998-04-24,jperksod@alexa.com,1500907254,778 Grover Street,UAGJG3292D
Buffy,Pinor,TfBr6rpW,2004-11-30,bpinoroe@tinyurl.com,9814386770,6605 Emmet Lane,DLPHR1078N
Lucie,Gemeau,CgWT0gfX8fO,2000-08-21,lgemeauof@nih.gov,1291532117,646 Bellgrove Road,ZMWCP1171Z
Linnet,Anthes,ifiDGzDD,2002-11-27,lanthesog@diigo.com,2507826704,7 Truax Circle,UUOFR5716N
Emlyn,Schnitter,KiYd54k,2006-03-15,eschnitteroh@plala.or.jp,7527755373,9925 Nelson Crossing,YNPFX4635W
Brandyn,Panting,J9f65ZKkVF7,2000-10-13,bpantingoi@springer.com,9020247139,08604 Gale Court,INPJG9196W
Jeni,D'Errico,LHRCQEW3Zh,1999-08-21,jderricooj@discovery.com,5198280672,86230 Scofield Trail,IERPN1189X
Shaylah,Vause,sVjVJt5gd,2007-09-05,svauseok@columbia.edu,4166827264,75133 Chinook Point,ZKVPR9277G
York,McCaughran,dOHRpzySJ6yb,2014-01-23,ymccaughranol@cmu.edu,9073328350,12 Sundown Place,ANJGQ3542G
Jodi,Petrolli,ph7Nbp,2006-01-26,jpetrolliom@bbb.org,5390624588,7 Ridgeway Road,YSYCR0941P
Wiatt,Arber,jaA2y9Cs8rz,2010-10-21,warberon@fema.gov,8823168589,8 Manley Avenue,NTUFH5519Q
Michel,Vasyunin,wj8iJw,2018-03-12,mvasyuninoo@instagram.com,4783652219,70309 3rd Road,VJNCI8430K
Aldous,McCrackan,CT0y3N2O5w,2014-12-09,amccrackanop@cafepress.com,3867386471,64183 Shopko Alley,RMGJF2980Z
Darcey,Nolte,HmGWB9of8,2002-06-17,dnolteoq@dot.gov,7431107656,7 Pepper Wood Junction,VYOFE9377N
Giselbert,Brandi,97NlPe4J8,2011-04-09,gbrandior@jugem.jp,3311099577,08 Dixon Avenue,MNDHC5892F
Therese,Broz,zzTR7GeanRgw,2017-11-24,tbrozos@webs.com,617119261,140 3rd Place,VHWTW0286Z
Ramsay,Jendrich,x5xL2rCLyFa9,2001-10-28,rjendrichot@ftc.gov,5251922397,5310 Bartillon Place,POGJK1931K
Cacilie,Gindghill,hAZwux,2015-12-26,cgindghillou@prweb.com,4615248477,7 Derek Park,DTOLS8325C
Arvin,Elloy,WUfWPzFks9qc,1993-07-25,aelloyov@craigslist.org,4239647451,92816 Pennsylvania Alley,UBRTR4500U
Flor,Clandillon,F3IvNrJzvg,1991-10-09,fclandillonow@aol.com,9915068596,38 Blackbird Point,DFVFW9034B
Kris,Ca,OTnXUGl8i3,2020-09-09,kcaox@devhub.com,3038076261,46324 Luster Road,ILIJN4953C
Britt,Billows,MDxtvCGs8ei9,1998-05-31,bbillowsoy@dell.com,1794208048,3 Ridge Oak Crossing,WGLJD4514S
Rickie,Berthod,NhtaHqObt8,2001-03-19,rberthodoz@youtu.be,2752144818,8858 Corben Circle,QGGFO5847O
Evelyn,Simond,jnaaAGqV,2011-10-17,esimondp0@telegraph.co.uk,7930544725,75936 Maryland Park,ENDAR2740H
Dorelia,Scowcraft,PYNO9EifW,2003-10-22,dscowcraftp1@answers.com,9228748995,7 Mallory Lane,HSNCE6406C
Keelby,Buscher,4lzpvY,1993-08-15,kbuscherp2@constantcontact.com,8356304855,79 Bowman Center,ATYBO8532A
Melisent,McGenn,7vJCSdGk,1999-08-06,mmcgennp3@bing.com,4303865605,80 Fieldstone Terrace,EGDGS9060J
Abba,Kirdsch,mBK6lJ,2004-10-10,akirdschp4@posterous.com,30843307,8 Blaine Point,HCTPP3082T
Gusty,Ellerman,NTY54WRAE,1994-09-02,gellermanp5@webmd.com,3917136031,378 Brentwood Terrace,RELGM8307X
Mitch,Wiltsher,1G4EtJUh6,2021-07-26,mwiltsherp6@kickstarter.com,879342780,088 Stuart Drive,SGEGI4404O
Rois,Dunphy,sF9pFCoq,2008-03-15,rdunphyp7@example.com,6831633461,9347 Dunning Street,LKTFZ1224Q
Siffre,O'Nion,kKMoV3,1996-04-14,sonionp8@bloomberg.com,6037012247,6 Northview Lane,JWDHS2492Z
Billie,Leask,nuSpMLd,1990-06-18,bleaskp9@ow.ly,2523394264,445 Novick Avenue,WFFPI0014T
Rosalie,Northfield,OYyU33nsddNI,2002-01-04,rnorthfieldpa@dailymotion.com,7231381685,552 Columbus Pass,CYNPJ0040V
Earl,Boome,HeuUh19,2000-04-15,eboomepb@lulu.com,9104472500,645 Mallory Place,WVZAN2591S
Dougy,Weathey,TbKFrwTqz,2006-06-27,dweatheypc@moonfruit.com,6101965617,16042 Tony Alley,JWVTB9858Z
Hart,Pindred,YLXGk4jrCTt,2015-09-19,hpindredpd@bloomberg.com,522052397,4865 Main Junction,DINLF7720Q
Jermayne,Camilio,O57tTeUqc,2008-09-25,jcamiliope@1und1.de,3726342667,3 Mitchell Avenue,KLDFR9781I
Chet,Cubbinelli,Es3NU4A,2009-01-01,ccubbinellipf@independent.co.uk,8823667224,53 Russell Crossing,PQJFF2326Q
Dianne,Mish,pIzakJzCWVmG,2011-01-01,dmishpg@wikia.com,8498908038,376 Johnson Road,OVCGH7934C
Clovis,Dressel,iuabaQ4,1996-04-28,cdresselph@paypal.com,9823227437,16171 Melby Plaza,BBBHB3284Z
Dacie,Seely,pxRx1eTFdqV,2007-01-08,dseelypi@quantcast.com,9406774965,18 Grover Place,RTNBQ3112S
Leesa,Lynett,DRYiPOJx,2016-01-30,llynettpj@godaddy.com,5969099925,6 Moland Place,UHFHL9675D
Fons,Birdseye,Wh37qDBGVM,2010-09-25,fbirdseyepk@gizmodo.com,6136691173,65050 Thierer Crossing,PENGQ1820H
Winnah,Fery,1W9jkAhJe,2020-10-03,wferypl@opera.com,9426116074,760 East Junction,JOQGM8280G
Briant,Scotchmoor,M4GYxkUs,2010-06-01,bscotchmoorpm@hc360.com,4548628108,69415 Lighthouse Bay Alley,NWJHU8758L
Catina,Hamley,r5BsJs,1991-09-27,chamleypn@4shared.com,7857127529,1 Reinke Drive,KVDFU4918E
Hildegarde,Humes,7EsHJIlTZL7,2000-07-08,hhumespo@google.fr,2544158652,14250 Welch Way,IZFBB4340B
Lemmy,Weymouth,KGMgAn,2016-10-08,lweymouthpp@yellowbook.com,4113038907,04 Portage Hill,SSJBZ4226I
Crista,Bairstow,2FqgHq,1991-09-02,cbairstowpq@jugem.jp,5588983894,023 Basil Point,ADWJJ1414O
Gertie,Seeman,fuAF1dS,1998-07-28,gseemanpr@com.com,6676069070,6993 Basil Trail,EPKFH6606S
Genvieve,Crosen,VYNXFO2wkk,2011-10-11,gcrosenps@webs.com,2050053071,2646 American Place,CPTHU2509N
Laurence,Zanioletti,3EUOR0kS4,2020-09-07,lzaniolettipt@diigo.com,7742260633,049 Little Fleur Plaza,LRFFW0159V
Doloritas,Cranston,PPd0ghGEM,2018-11-17,dcranstonpu@ovh.net,6824923386,08107 Parkside Crossing,DGMFQ0496C
Nicolas,Stellin,oBjwPdG7,1995-06-07,nstellinpv@state.tx.us,5359042574,52 School Park,RYFBW8969G
Keith,Bummfrey,2EMO5cHr5x,1990-10-02,kbummfreypw@mysql.com,7453080485,0 Dryden Parkway,ROFBS0953R
Yelena,Soppeth,2V0s3wz80eTA,2012-02-06,ysoppethpx@hp.com,8583342287,046 Everett Avenue,MUNFI2689L
Phyllys,Montgomery,1z31Xt,2019-02-27,pmontgomerypy@infoseek.co.jp,6612773577,88915 Northport Drive,UMFPO3431Y
Nessie,Pulhoster,nw21Gbh,2002-09-14,npulhosterpz@discovery.com,7030526901,1693 Bartillon Plaza,UFQFM5647G
Thorvald,Kinforth,yjC6r91atr,2017-10-08,tkinforthq0@netvibes.com,1600741758,7161 Dapin Plaza,IOVHH0622F
Jacquelyn,Bromehed,V1PiHPA9tT,1995-03-23,jbromehedq1@instagram.com,9775362536,11932 Walton Circle,RXWGF4775P
Ediva,MacKowle,HSzuOI,2020-02-22,emackowleq2@prnewswire.com,1456460920,4 Chinook Lane,EDHGF7318Z
Angelina,Jeanel,x5WtfMX0SO,2000-10-16,ajeanelq3@bigcartel.com,8252186651,6 Waywood Alley,IMUTG6641X
Alvira,Antonias,va4CBJY,2019-02-05,aantoniasq4@mayoclinic.com,7439290316,776 Katie Avenue,ZBNGO9403H
Ignacio,Diviney,UVhhycY,2021-02-01,idivineyq5@woothemes.com,4514526643,8332 Scoville Drive,GUSJC2757X
Obie,Torresi,T3vj7ZLigdT,1994-12-02,otorresiq6@mayoclinic.com,9141993666,4592 Portage Court,FYUPJ3885M
Bella,Tithecote,xgfZm15J,2020-07-20,btithecoteq7@berkeley.edu,741380991,62 Bobwhite Lane,AKKHZ2791E
Frannie,Kopmann,Agu5QHfn62F,2001-09-04,fkopmannq8@techcrunch.com,6357602593,142 Schlimgen Hill,XEEBD3230N
Filippa,Cunnington,ChcRqDw4C,2018-06-16,fcunningtonq9@google.com.br,2670069974,1627 Iowa Alley,UZOAN7083Q
Hestia,Brocklehurst,UQArV5z,1998-04-19,hbrocklehurstqa@timesonline.co.uk,9396096680,2188 Gina Hill,NEDJB4906P
Jeremie,Archdeacon,UXSHW53AF,2007-12-27,jarchdeaconqb@usgs.gov,8405582836,53599 Maywood Trail,IAWPL5103O
Amaleta,Nardoni,adspC8zc,2014-04-27,anardoniqc@apple.com,3713551015,80291 Bayside Center,PIOBC5609W
Sondra,Quinion,hePaQMVANXG,1999-04-18,squinionqd@surveymonkey.com,1203827361,6967 Eastlawn Terrace,IYTFP0127X
Iris,Stonuary,KwKEAQo,2002-02-22,istonuaryqe@bravesites.com,7471042892,489 Cody Crossing,IVOHK5571P
Selina,Seel,oMpgAk,2018-10-13,sseelqf@alibaba.com,774426126,65072 Gerald Parkway,KKMHC1526H
Standford,Applewhaite,oKiyuhRt,2008-01-16,sapplewhaiteqg@squarespace.com,3740913990,03422 Burrows Alley,NBJBG6916Y
Cherilynn,Mullan,wrl3TQ65,2016-07-28,cmullanqh@ftc.gov,5393502247,93524 Fuller Lane,RJBJD6343W
Dusty,Willcocks,xSDRFBsAoia,1991-02-24,dwillcocksqi@arstechnica.com,1013982832,97726 East Way,AKVFC2842O
Raoul,Leydon,SGJEkV,2003-11-08,rleydonqj@freewebs.com,8801677559,115 8th Lane,QSECE4051R
Dorey,Lowrey,VZignp81B,2001-10-17,dlowreyqk@deviantart.com,2976851758,3584 Thackeray Circle,ZWJPM9348D
Nicoli,Chapman,j6aAfUb8,1991-10-19,nchapmanql@cdbaby.com,122935781,75 Evergreen Point,WKZHQ7279G
Silvester,Airs,aI3wXIu2N,2004-03-16,sairsqm@mapquest.com,4110623690,4 Arapahoe Circle,YXSBW7744U
Laverne,Quantick,NweOzxy,2013-04-17,lquantickqn@nytimes.com,79000666,12555 Stoughton Street,ZNAPP6899X
Dwayne,Kroon,Gokg8LaDSm,2020-08-13,dkroonqo@vistaprint.com,3896278914,75733 East Street,ZKXFF4512S
Mohandis,Killbey,xqC2hUXmfDZ,2001-11-29,mkillbeyqp@sphinn.com,9394646995,8964 Redwing Point,ODALG0547W
Antonius,Lawson,EvoX0nU,2011-11-02,alawsonqq@com.com,9921037389,6 Nevada Drive,HASAU7471X
Halimeda,Busse,qZP2c9Bi8,2010-01-07,hbusseqr@chronoengine.com,1703277466,8 Eastlawn Park,VWNPJ0149S
Raina,Lieb,RhWf7QubllFw,2011-01-26,rliebqs@npr.org,4186951650,36856 Anniversary Road,AIGLA2870O
Guthrie,Facey,Dcbobr5H,1991-03-21,gfaceyqt@harvard.edu,1004312456,5228 Sunbrook Junction,RBJFG0180S
Alana,Linnock,kIXxP8nxWtw,1998-03-16,alinnockqu@behance.net,4939832076,256 Quincy Junction,AZXCD6401P
Dillon,Legier,DBjMBi4j7,2008-09-18,dlegierqv@princeton.edu,7426260559,0 New Castle Crossing,YKJGT3005B
Jethro,Vassano,H8AHMel,2009-03-31,jvassanoqw@europa.eu,3293087960,37058 Reinke Road,RHJTY8070N
Emalee,Gammel,IdZOPsSLDJy,2018-03-21,egammelqx@cbsnews.com,4706893209,4970 Thompson Parkway,NNKAL1802C
Berton,Dugan,Yffk0Flh,2002-09-21,bduganqy@rediff.com,1489858980,80 Surrey Plaza,UBFFO2007B
Moria,Mc Ilory,DjRvKxm,1999-02-17,mmciloryqz@eepurl.com,3326074341,1708 Green Drive,YCGAI6031X
Birdie,Hazelby,RGdw9II,2022-01-08,bhazelbyr0@vistaprint.com,372363654,4 Lyons Crossing,XMEFV7286J
Ilaire,McNaughton,MOqFun6fF2,2012-08-09,imcnaughtonr1@comcast.net,5218517788,43 Bartillon Way,PVZBJ8893R
Curt,Longcaster,6g5Gnko8KI,2015-02-02,clongcasterr2@cpanel.net,5551393750,01 Magdeline Street,LAATQ3235S
Carena,Antal,lHZ0dEcuI,1995-12-27,cantalr3@oracle.com,4530592392,9399 Bluestem Street,MAAGR5703V
Payton,Tatters,Q0fLXo7z2yfG,2014-04-02,ptattersr4@dailymail.co.uk,621799952,3586 La Follette Point,RRYPB4725J
Romona,Sheryne,DorF8Lyji,2002-11-22,rsheryner5@state.tx.us,9448295691,24970 Lighthouse Bay Circle,MUIFK9763B
Caresa,Froom,0s3xJW,2011-06-15,cfroomr6@bigcartel.com,8800213548,88120 Summer Ridge Junction,ZVXAO2246V
Loren,Patise,fHuV2hhini,1997-07-03,lpatiser7@tiny.cc,6785534626,659 Stoughton Drive,ZFATB8912F
Alexandro,Clibbery,GT6QZt7U,1994-05-19,aclibberyr8@cyberchimps.com,6064622677,82 Gulseth Road,BFHFN0655U
Brnaba,Anthoin,3spSN3VI8sPL,2011-06-09,banthoinr9@zimbio.com,9986361982,120 Mifflin Avenue,NVXFI8654Q
Patrizius,McCulloch,s4S1VZ,2012-07-15,pmccullochra@wikia.com,4760199633,9458 Golden Leaf Crossing,IUTAT2408X
Simonne,Du Hamel,jb40LVy,2011-02-06,sduhamelrb@cnet.com,5840288941,15 Northridge Trail,FVJFU8459P
Bill,Biddlestone,xezfZDqN3x,2010-08-13,bbiddlestonerc@oracle.com,9527894629,375 Saint Paul Plaza,MQMCW1458O
Glynis,Upfold,etNm7RofI,1991-07-18,gupfoldrd@opensource.org,2672598707,04625 Anthes Trail,IKKPI0009R
Drake,Doornbos,w2HU8nQcC,1999-01-14,ddoornbosre@weibo.com,6675385140,2 Morning Junction,SAVFV9205D
Hanny,Foord,rLatUtmah0tH,1993-05-14,hfoordrf@guardian.co.uk,6825067976,069 Veith Place,ENDLG9132M
Ezechiel,Marzelle,Pc008cw7Q,2020-02-22,emarzellerg@trellian.com,1417413959,27 Browning Way,PNMTG0897J
Madonna,Martinie,W1xcdm7zz41,2007-04-30,mmartinierh@cloudflare.com,438734803,79 Prairieview Park,KNXLE0292Y
Troy,Stobbs,bBwlrST0z,2011-06-29,tstobbsri@nsw.gov.au,4553368273,27 Drewry Terrace,MBEFY1266K
Brett,Izaks,mSG4BQji,2008-09-25,bizaksrj@usnews.com,7894620263,686 Petterle Parkway,CSYFA1186B
Ketti,Mackrill,8HJ0E4Li,2002-03-31,kmackrillrk@edublogs.org,1387074373,59515 Melby Point,FZLFL6830R
Devora,Braiden,pAvsKW4sJ6,2004-10-06,dbraidenrl@furl.net,8558586640,85 Holy Cross Park,WWWTL9062V
Consuela,MacCaull,D9MuJ1B8,2000-11-05,cmaccaullrm@spotify.com,6590978058,730 Declaration Center,IPUHY1116D
Adorne,England,J7ZZdHTx,1993-05-16,aenglandrn@vimeo.com,6903933804,11 Birchwood Center,MYFLM9927W
Ulrike,Lydall,qFHl6bw23,2018-05-05,ulydallro@eventbrite.com,8170949706,89059 Roth Park,UXRFV0121L
Barth,Brideau,P7oIkX3Usv,2010-09-01,bbrideaurp@google.fr,6130972497,4082 Ridge Oak Drive,WUGFO0421A
Abigale,Durdan,fWerxhAa8ky,2006-11-08,adurdanrq@ask.com,3724562688,5 Russell Trail,JQXCC0977Q
Vonnie,Wilhelmy,30OQiUK,2013-08-21,vwilhelmyrr@bizjournals.com,3456363458,471 Emmet Plaza,QHWGN4593S
,,,,,,,KAIFS6093W
